Unnamed: 0,Product Name,Rating,Rating Info,RAM/ROM,Display,Camera,Battery,Processor,Warranty,Price,Original Price,Offer,Deals,Exchangable_amount
0,Rastic SM Guru Music 2 Mobile Phone,,,8 MB RAM | 16 MB ROM | Expandable Upto 64 GB,6.35 cm (2.5 inch) VGA Display,0MP Front Camera,850 mAh Battery,,NO Warranty,₹998,"₹1,999",50% off,Bank Offer,
1,"POCO C71 (Cool Blue, 128 GB)",4.1,"23,857 Ratings & 1,146 Reviews",6 GB RAM | 128 GB ROM | Expandable Upto 2 TB,17.48 cm (6.88 inch) HD+ Display,32MP Rear Camera | 8MP Front Camera,5200 mAh Battery,Unisoc T7250 Max clock speed: 2 x A75@1.8GHz 6 x A55@1.6GHz Processor,1 Year Manufacturer Warranty for Phone and 6 Months Warranty for In the Box Accessories,"₹6,799","₹9,999",32% off,Bank Offer,"₹5,100"
2,"POCO C71 (Desert Gold, 64 GB)",3.8,"46,431 Ratings & 2,129 Reviews",4 GB RAM | 64 GB ROM | Expandable Upto 2 TB,17.48 cm (6.88 inch) HD+ Display,32MP Rear Camera | 8MP Front Camera,5200 mAh Battery,Unisoc T7250 Max clock speed: 2 x A75@1.8GHz 6 x A55@1.6GHz Processor,1 Year Manufacturer Warranty for Phone and 6 Months Warranty for In the Box Accessories,"₹6,199","₹8,999",31% off,Super Deals,"₹4,600"
3,"MOTOROLA Edge 60 Pro (Pantone Shadow, 256 GB)",4.3,"11,819 Ratings & 999 Reviews",12 GB RAM | 256 GB ROM,17.02 cm (6.7 inch) Display,50MP + 50MP + 10MP | 50MP Front Camera,6000 mAh Battery,Dimensity 8350 Processor,1 Year Warranty on Handset and 6 Months Warranty on Accessories,"₹31,999","₹40,999",21% off,Bank Offer,"₹25,450"
4,"REDMI Note 14 SE 5G (Titan Black, 128 GB)",4.3,"14,221 Ratings & 579 Reviews",6 GB RAM | 128 GB ROM,16.94 cm (6.67 inch) Full HD+ Display,50MP + 8MP + 2MP | 20MP Front Camera,5110 mAh Battery,Dimensity 7025 Ultra Processor,1 Year Warranty on the Handset and 6 Months Warranty on the Inbox Accessories,"₹13,499","₹19,999",32% off,Super Deals,"₹10,450"
5,"REDMI Note 14 SE 5G (Crimson Art, 128 GB)",4.3,"14,221 Ratings & 579 Reviews",6 GB RAM | 128 GB ROM,16.94 cm (6.67 inch) Full HD+ Display,50MP + 8MP + 2MP | 20MP Front Camera,5110 mAh Battery,Dimensity 7025 Ultra Processor,1 Year Warranty on the Handset and 6 Months Warranty on the Inbox Accessories,"₹13,499","₹19,999",32% off,Super Deals,"₹10,450"
6,"Moto g67 power 5G (Pantone Cilantro, 128 GB)",4.5,92 Ratings & 3 Reviews,8 GB RAM | 128 GB ROM,17.02 cm (6.7 inch) Full HD+ Display,50MP + 8MP | 32MP Front Camera,7000 mAh Battery,7s Gen 2 Processor,1 Year Warranty on Handset and 6 Months Warranty on Accessories,"₹15,999","₹18,999",15% off,Bank Offer,"₹12,550"
7,"POCO M7 5G (Mint Green, 128 GB)",4.2,"12,130 Ratings & 599 Reviews",8 GB RAM | 128 GB ROM | Expandable Upto 1 TB,17.48 cm (6.88 inch) HD+ Display,50MP Rear Camera | 8MP Front Camera,5160 mAh Battery,4 Gen 2 5G Processor,1 Year Manufacturer Warranty for Phone and 6 Months Warranty for In the Box Accessories,"₹9,999","₹13,999",28% off,Super Deals,"₹7,700"
8,"POCO C71 (Power Black, 128 GB)",4.1,"23,857 Ratings & 1,146 Reviews",6 GB RAM | 128 GB ROM | Expandable Upto 2 TB,17.48 cm (6.88 inch) HD+ Display,32MP Rear Camera | 8MP Front Camera,5200 mAh Battery,Unisoc T7250 Max clock speed: 2 x A75@1.8GHz 6 x A55@1.6GHz Processor,1 Year Manufacturer Warranty for Phone and 6 Months Warranty for In the Box Accessories,"₹6,799","₹9,999",32% off,Super Deals,"₹5,100"
9,"Moto g06 power (Tapestry, 64 GB)",4.2,"1,121 Ratings & 92 Reviews",4 GB RAM | 64 GB ROM | Expandable Upto 1 TB,17.48 cm (6.88 inch) HD+ Display,50MP Rear Camera | 8MP Front Camera,7000 mAh Battery,Helio G81 Processor,1 Year Warranty on Handset and 6 Months Warranty on Accessories,"₹7,199","₹9,999",28% off,,"₹5,400"
10,"Moto g67 power 5G (Pantone Parachute, 128 GB)",4.5,92 Ratings & 3 Reviews,8 GB RAM | 128 GB ROM,17.02 cm (6.7 inch) Full HD+ Display,50MP + 8MP | 32MP Front Camera,7000 mAh Battery,7s Gen 2 Processor,1 Year Warranty on Handset and 6 Months Warranty on Accessories,"₹15,999","₹18,999",15% off,Bank Offer,"₹12,550"
11,"Moto g06 power (Pantone Tendril, 64 GB)",4.2,"1,121 Ratings & 92 Reviews",4 GB RAM | 64 GB ROM | Expandable Upto 1 TB,17.48 cm (6.88 inch) HD+ Display,50MP Rear Camera | 8MP Front Camera,7000 mAh Battery,Helio G81 Processor,1 Year Warranty on Handset and 6 Months Warranty on Accessories,"₹7,199","₹9,999",28% off,Bank Offer,"₹5,400"
12,"POCO M7 Pro 5G (Lavender Frost, 128 GB)",4.3,"29,275 Ratings & 2,198 Reviews",6 GB RAM | 128 GB ROM,16.94 cm (6.67 inch) Full HD+ Display,50MP + 2MP | 20MP Front Camera,5110 mAh Battery,Dimensity 7025 Ultra Processor,1 Year Manufacturer Warranty for Phone and 6 Months Warranty for In the Box Accessories,"₹11,999","₹18,999",36% off,Super Deals,"₹9,300"
13,"Moto g67 power 5G (Pantone Curacao Blue, 128 GB)",4.5,92 Ratings & 3 Reviews,8 GB RAM | 128 GB ROM,17.02 cm (6.7 inch) Full HD+ Display,50MP + 8MP | 32MP Front Camera,7000 mAh Battery,7s Gen 2 Processor,1 Year Warranty on Handset and 6 Months Warranty on Accessories,"₹15,999","₹18,999",15% off,Bank Offer,"₹12,550"
14,"POCO C75 5G (Enchanted Green, 64 GB)",4.2,"1,29,220 Ratings & 5,807 Reviews",4 GB RAM | 64 GB ROM | Expandable Upto 1 TB,17.48 cm (6.88 inch) HD+ Display,50MP Rear Camera | 5MP Front Camera,5160 mAh Battery,4s Gen 2 5G Processor,1 Year Manufacturer Warranty for Phone and 6 Months Warranty for In the Box Accessories,"₹7,499","₹10,999",31% off,Super Deals,"₹5,650"
15,"vivo T4 Lite 5G Charger in the Box (Titanium Gold, 256 GB)",4.3,"16,860 Ratings & 736 Reviews",8 GB RAM | 256 GB ROM | Expandable Upto 2 TB,17.12 cm (6.74 inch) HD+ Display,50MP + 2MP | 5MP Front Camera,6000 mAh Battery,Dimensity 6300 5G Processor,1 Year Manufacturer Warranty for Device and 6 Months Manufacturer Warranty for Inbox Accessories,"₹13,499","₹16,999",20% off,Bank Offer,"₹10,450"
16,"POCO C71 (Desert Gold, 128 GB)",4.1,"23,857 Ratings & 1,146 Reviews",6 GB RAM | 128 GB ROM | Expandable Upto 2 TB,17.48 cm (6.88 inch) HD+ Display,32MP Rear Camera | 8MP Front Camera,5200 mAh Battery,Unisoc T7250 Max clock speed: 2 x A75@1.8GHz 6 x A55@1.6GHz Processor,1 Year Manufacturer Warranty for Phone and 6 Months Warranty for In the Box Accessories,"₹6,799","₹9,999",32% off,Super Deals,"₹5,100"
17,"realme P4 5G (Engine Blue, 128 GB)",4.4,"14,450 Ratings & 924 Reviews",6 GB RAM | 128 GB ROM,17.2 cm (6.77 inch) Display,50MP + 8MP | 16MP Front Camera,7000 mAh Battery,Mediatek Dimensity 7400 Processor,1 Year Manufacturer Warranty for Device and 6 Months Manufacturer Warranty for Inbox Accessories,"₹16,999","₹20,999",19% off,,"₹13,400"
18,"POCO M7 Plus 5G (Chrome Silver, 128 GB)",4.3,"3,794 Ratings & 212 Reviews",6 GB RAM | 128 GB ROM | Expandable Upto 2 TB,17.53 cm (6.9 inch) Display,50MP AI Dual Camera,7000 mAh Battery,Snapdragon 6s Gen 3 5G Processor,1 Year Manufacturer Warranty for Phone and 6 Months Warranty for In the Box Accessories,"₹12,999","₹16,999",23% off,Bank Offer,"₹10,100"
19,"realme C71 (Sea Blue, 128 GB)",4.2,"5,916 Ratings & 224 Reviews",6 GB RAM | 128 GB ROM | Expandable Upto 2 TB,17.14 cm (6.75 inch) HD+ Display,13MP Rear Camera | 5MP Front Camera,6300 mAh Battery,T7250 Processor,1 Year Manufacturer Warranty for Device and 6 Months Manufacturer Warranty for Inbox Accessories,"₹8,699","₹10,999",20% off,Bank Offer,"₹6,600"
20,"POCO M7 5G (Mint Green, 128 GB)",4.1,"58,019 Ratings & 2,740 Reviews",6 GB RAM | 128 GB ROM | Expandable Upto 1 TB,17.48 cm (6.88 inch) HD+ Display,50MP Rear Camera | 8MP Front Camera,5160 mAh Battery,4 Gen 2 5G Processor,1 Year Manufacturer Warranty for Phone and 6 Months Warranty for In the Box Accessories,"₹8,999","₹12,999",30% off,Super Deals,"₹6,900"
21,"OPPO K13x 5G 6000mAh and 45W SUPERVOOC Charger & AI (Sunset Peach, 128 GB)",4.4,"18,393 Ratings & 1,438 Reviews",4 GB RAM | 128 GB ROM | Expandable Upto 2 TB,16.94 cm (6.67 inch) HD+ Display,50MP + 2MP | 8MP Front Camera,6000 mAh Battery,Dimensity 6300 Processor,1 Year Manufacturer Warranty for Device and 6 Months Manufacturer Warranty for Inbox Accessories,"₹11,999","₹15,999",25% off,Bank Offer,"₹9,300"
22,"REDMI Note 14 SE 5G (Mystique White, 128 GB)",4.3,"14,221 Ratings & 579 Reviews",6 GB RAM | 128 GB ROM,16.94 cm (6.67 inch) Full HD+ Display,50MP + 8MP + 2MP | 20MP Front Camera,5110 mAh Battery,Dimensity 7025 Ultra Processor,1 Year Warranty on the Handset and 6 Months Warranty on the Inbox Accessories,"₹13,499","₹19,999",32% off,Super Deals,"₹10,450"
23,"vivo T4x 5G (Pronto Purple, 256 GB)",4.4,"1,34,136 Ratings & 6,451 Reviews",8 GB RAM | 256 GB ROM,17.07 cm (6.72 inch) Display,50MP + 2MP | 8MP Front Camera,6500 mAh Battery,Dimensity 7300 5G Processor,1 Year Warranty for Device and 6 Months Warranty for Accessories,"₹17,499","₹20,999",16% off,Bank Offer,"₹13,800"
24,"realme Narzo 80 Lite 5G (Crystal Purple, 128 GB)",4.3,"3,236 Ratings & 129 Reviews",6 GB RAM | 128 GB ROM,16.94 cm (6.67 inch) Display,32MP Rear Camera,6000 mAh Battery,,1 Year Warranty,"₹10,721","₹14,999",28% off,,"₹8,300"
25,"POCO C75 5G (Aqua Bliss, 128 GB)",4.2,"1,29,220 Ratings & 5,807 Reviews",4 GB RAM | 128 GB ROM | Expandable Upto 1 TB,17.48 cm (6.88 inch) HD+ Display,50MP Rear Camera | 5MP Front Camera,5160 mAh Battery,4s Gen 2 5G Processor,1 Year Manufacturer Warranty for Phone and 6 Months Warranty for In the Box Accessories,"₹8,199","₹11,499",28% off,Super Deals,"₹6,250"
26,"Samsung Galaxy F07 (Green, 64 GB)",4.3,872 Ratings & 50 Reviews,4 GB RAM | 64 GB ROM | Expandable Upto 2 TB,17.02 cm (6.7 inch) HD+ Display,50MP + 2MP | 8MP Front Camera,5000 mAh Battery,Helio G99 Processor,1 Year Manufacturer Warranty for Device and 6 Months for In-Box Accessories,"₹6,999","₹9,999",30% off,Super Deals,"₹5,300"
27,"POCO M7 Pro 5G (Lavender Frost, 256 GB)",4.2,"11,393 Ratings & 974 Reviews",8 GB RAM | 256 GB ROM,16.94 cm (6.67 inch) Full HD+ Display,50MP + 2MP | 20MP Front Camera,5110 mAh Battery,Dimensity 7025 Ultra Processor,1 Year Manufacturer Warranty for Phone and 6 Months Warranty for In the Box Accessories,"₹13,999","₹20,999",33% off,Super Deals,"₹11,000"
28,"vivo T4x 5G (Pronto Purple, 128 GB)",4.4,"1,34,136 Ratings & 6,451 Reviews",8 GB RAM | 128 GB ROM,17.07 cm (6.72 inch) Display,50MP + 2MP | 8MP Front Camera,6500 mAh Battery,Dimensity 7300 5G Processor,1 Year Warranty for Device and 6 Months Warranty for Accessories,"₹15,499","₹19,499",20% off,Bank Offer,"₹12,150"
29,"POCO M7 5G - Locked with Airtel Prepaid (Satin Black, 128 GB)",4.1,"58,019 Ratings & 2,740 Reviews",6 GB RAM | 128 GB ROM | Expandable Upto 1 TB,17.48 cm (6.88 inch) HD+ Display,50MP Rear Camera | 8MP Front Camera,5160 mAh Battery,4 Gen 2 5G Processor,1 Year Manufacturer Warranty for Phone and 6 Months Warranty for In the Box Accessories,"₹8,249","₹12,999",36% off,Super Deals,"₹6,300"
30,"POCO M7 5G (Satin Black, 128 GB)",4.2,"12,130 Ratings & 599 Reviews",8 GB RAM | 128 GB ROM | Expandable Upto 1 TB,17.48 cm (6.88 inch) HD+ Display,50MP Rear Camera | 8MP Front Camera,5160 mAh Battery,4 Gen 2 5G Processor,1 Year Manufacturer Warranty for Phone and 6 Months Warranty for In the Box Accessories,"₹9,999","₹13,999",28% off,Super Deals,"₹7,700"
31,"realme C61 (Safari Green, 64 GB)",4.4,"33,401 Ratings & 1,048 Reviews",4 GB RAM | 64 GB ROM | Expandable Upto 2 TB,17.13 cm (6.745 inch) HD+ Display,32MP Rear Camera | 5MP Front Camera,5000 mAh Battery,T612 Processor,1 Year Manufacturer Warranty for Device and 6 Months Manufacturer Warranty for Inbox Accessories,"₹6,499","₹8,999",27% off,,"₹4,900"
32,"OPPO K13x 5G 6000mAh and 45W SUPERVOOC Charger & AI (Breeze Blue, 128 GB)",4.5,"69,788 Ratings & 5,424 Reviews",6 GB RAM | 128 GB ROM | Expandable Upto 2 TB,16.94 cm (6.67 inch) HD+ Display,50MP + 2MP | 8MP Front Camera,6000 mAh Battery,Dimensity 6300 Processor,1 Year Manufacturer Warranty for Device and 6 Months Manufacturer Warranty for Inbox Accessories,"₹12,999","₹16,999",23% off,Super Deals,"₹10,100"
33,"MOTOROLA g35 5G (Midnight Black, 128 GB)",4.2,"1,04,748 Ratings & 6,733 Reviews",4 GB RAM | 128 GB ROM | Expandable Upto 1 TB,17.07 cm (6.72 inch) Full HD+ Display,50MP + 8MP | 16MP Front Camera,5000 mAh Battery,T760 Processor,,"₹9,999","₹12,499",20% off,Bank Offer,"₹7,700"
34,"realme P3x 5G (Midnight Blue, 128 GB)",4.4,"19,892 Ratings & 812 Reviews",8 GB RAM | 128 GB ROM,17.07 cm (6.72 inch) Full HD Display,50MP Rear Camera | 8MP Front Camera,6000 mAh Battery,Dimensity 6400 Processor,1 Year Manufacturer Warranty for Device and 6 Months Manufacturer Warranty for Inbox Accessories,"₹12,499","₹17,999",30% off,Bank Offer,"₹9,750"
35,"realme C61 (Marble Black, 64 GB)",4.4,"33,401 Ratings & 1,048 Reviews",4 GB RAM | 64 GB ROM | Expandable Upto 2 TB,17.13 cm (6.745 inch) HD+ Display,32MP Rear Camera | 5MP Front Camera,5000 mAh Battery,T612 Processor,1 Year Manufacturer Warranty for Device and 6 Months Manufacturer Warranty for Inbox Accessories,"₹6,499","₹8,999",27% off,Bank Offer,"₹4,900"
36,"POCO M7 5G (Satin Black, 128 GB)",4.1,"58,019 Ratings & 2,740 Reviews",6 GB RAM | 128 GB ROM | Expandable Upto 1 TB,17.48 cm (6.88 inch) HD+ Display,50MP Rear Camera | 8MP Front Camera,5160 mAh Battery,4 Gen 2 5G Processor,1 Year Manufacturer Warranty for Phone and 6 Months Warranty for In the Box Accessories,"₹8,999","₹12,999",30% off,Super Deals,"₹6,900"
37,"vivo T4 Lite 5G Charger in the Box (Prism Blue, 128 GB)",4.4,"46,130 Ratings & 1,441 Reviews",6 GB RAM | 128 GB ROM | Expandable Upto 2 TB,17.12 cm (6.74 inch) HD+ Display,50MP + 2MP | 5MP Front Camera,6000 mAh Battery,Dimensity 6300 5G Processor,1 Year Manufacturer Warranty for Device and 6 Months Manufacturer Warranty for Inbox Accessories,"₹11,499","₹14,999",23% off,Bank Offer,"₹8,950"
38,"POCO M7 Pro 5G (Lunar Dust, 128 GB)",4.3,"29,275 Ratings & 2,198 Reviews",6 GB RAM | 128 GB ROM,16.94 cm (6.67 inch) Full HD+ Display,50MP + 2MP | 20MP Front Camera,5110 mAh Battery,Dimensity 7025 Ultra Processor,1 Year Manufacturer Warranty for Phone and 6 Months Warranty for In the Box Accessories,"₹11,999","₹18,999",36% off,Super Deals,"₹9,300"
39,"Ai+ Pulse (Green, 128 GB)",4,"3,400 Ratings & 217 Reviews",6 GB RAM | 128 GB ROM | Expandable Upto 1 TB,17.13 cm (6.745 inch) HD+ Display,50MP Rear Camera | 5MP Front Camera,5000 mAh Battery,T615 Processor,1 Year Warranty on Handset and 6 Months Warranty on the Inbox Accessories,"₹6,999","₹9,999",30% off,Bank Offer,"₹5,300"
40,"POCO C75 5G (Aqua Bliss, 64 GB)",4.2,"1,29,220 Ratings & 5,807 Reviews",4 GB RAM | 64 GB ROM | Expandable Upto 1 TB,17.48 cm (6.88 inch) HD+ Display,50MP Rear Camera | 5MP Front Camera,5160 mAh Battery,4s Gen 2 5G Processor,1 Year Manufacturer Warranty for Phone and 6 Months Warranty for In the Box Accessories,"₹7,499","₹10,999",31% off,,"₹5,650"
41,"REDMI 13 5G (Black Diamond, 128 GB)",4.3,"47,703 Ratings & 2,376 Reviews",6 GB RAM | 128 GB ROM,17.25 cm (6.79 inch) Full HD+ Display,108MP Rear Camera,5030 mAh Battery,Qualcomm SM4450 Snapdragon 4 Gen 2 AE (4 nm) Processor,,"₹11,989","₹17,999",33% off,,"₹9,300"
42,"realme P3x 5G (Midnight Blue, 128 GB)",4.4,"60,539 Ratings & 2,262 Reviews",6 GB RAM | 128 GB ROM,17.07 cm (6.72 inch) Full HD Display,50MP Rear Camera | 8MP Front Camera,6000 mAh Battery,Dimensity 6400 Processor,1 Year Manufacturer Warranty for Device and 6 Months Manufacturer Warranty for Inbox Accessories,"₹11,499","₹16,999",32% off,,"₹8,950"
43,Rastic SM Guruu Music 2,3.5,22 Ratings & 1 Reviews,8 MB RAM | 16 MB ROM | Expandable Upto 64 GB,6.35 cm (2.5 inch) VGA Display,0MP Front Camera,850 mAh Battery,,NO Warranty,₹998,"₹1,999",50% off,Bank Offer,
44,"vivo T4 Lite 5G Charger in the Box (Titanium Gold, 128 GB)",4.4,"34,302 Ratings & 1,019 Reviews",4 GB RAM | 128 GB ROM | Expandable Upto 2 TB,17.12 cm (6.74 inch) HD+ Display,50MP + 2MP | 5MP Front Camera,6000 mAh Battery,Dimensity 6300 5G Processor,1 Year Manufacturer Warranty for Device and 6 Months Manufacturer Warranty for Inbox Accessories,"₹10,499","₹13,999",25% off,Bank Offer,"₹8,000"
45,"POCO C71 (Power Black, 64 GB)",3.8,"46,431 Ratings & 2,129 Reviews",4 GB RAM | 64 GB ROM | Expandable Upto 2 TB,17.48 cm (6.88 inch) HD+ Display,32MP Rear Camera | 8MP Front Camera,5200 mAh Battery,Unisoc T7250 Max clock speed: 2 x A75@1.8GHz 6 x A55@1.6GHz Processor,1 Year Manufacturer Warranty for Phone and 6 Months Warranty for In the Box Accessories,"₹6,199","₹8,999",31% off,Super Deals,"₹4,600"
46,"MOTOROLA g05 (Forest Green, 64 GB)",4.2,"68,414 Ratings & 4,262 Reviews",4 GB RAM | 64 GB ROM | Expandable Upto 1 TB,16.94 cm (6.67 inch) HD+ Display,50MP Rear Camera | 8MP Front Camera,5100 mAh Battery,Helio G81 Processor,1 Year Warranty on Handset and 6 Months Warranty on Accessories,"₹6,999","₹9,999",30% off,Bank Offer,"₹5,300"
47,"MOTOROLA g35 5G (Midnight Black, 128 GB)",4.2,"1,652 Ratings & 73 Reviews",8 GB RAM | 128 GB ROM | Expandable Upto 1 TB,17.07 cm (6.72 inch) Full HD+ Display,50MP + 8MP | 16MP Front Camera,5000 mAh Battery,T760 Processor,,"₹11,999","₹15,499",22% off,Bank Offer,"₹9,300"
48,"vivo T4x 5G (Pronto Purple, 128 GB)",4.4,"1,80,231 Ratings & 8,062 Reviews",6 GB RAM | 128 GB ROM,17.07 cm (6.72 inch) Display,50MP + 2MP | 8MP Front Camera,6500 mAh Battery,Dimensity 7300 5G Processor,1 Year Warranty for Device and 6 Months Warranty for Accessories,"₹14,499","₹17,999",19% off,Bank Offer,"₹11,250"
49,"vivo T4 Lite 5G Charger in the Box (Prism Blue, 128 GB)",4.4,"34,302 Ratings & 1,019 Reviews",4 GB RAM | 128 GB ROM | Expandable Upto 2 TB,17.12 cm (6.74 inch) HD+ Display,50MP + 2MP | 5MP Front Camera,6000 mAh Battery,Dimensity 6300 5G Processor,1 Year Manufacturer Warranty for Device and 6 Months Manufacturer Warranty for Inbox Accessories,"₹10,499","₹13,999",25% off,,"₹8,000"
50,"MOTOROLA Edge 60 Pro (Pantone Shadow, 256 GB)",4.3,"38,137 Ratings & 2,873 Reviews",8 GB RAM | 256 GB ROM,17.02 cm (6.7 inch) Display,50MP + 50MP + 10MP | 50MP Front Camera,6000 mAh Battery,Dimensity 8350 Processor,1 Year Warranty on Handset and 6 Months Warranty on Accessories,"₹27,999","₹36,999",24% off,Bank Offer,"₹22,250"
51,"vivo T4 Lite 5G Charger in the Box (Prism Blue, 256 GB)",4.3,"16,860 Ratings & 736 Reviews",8 GB RAM | 256 GB ROM | Expandable Upto 2 TB,17.12 cm (6.74 inch) HD+ Display,50MP + 2MP | 5MP Front Camera,6000 mAh Battery,Dimensity 6300 5G Processor,1 Year Manufacturer Warranty for Device and 6 Months Manufacturer Warranty for Inbox Accessories,"₹13,499","₹16,999",20% off,Bank Offer,"₹10,450"
52,itel it5330 | 2.8 inch Big Display | 1900 mAh Battery | Kingvoice,4.1,"23,720 Ratings & 1,386 Reviews",32 MB RAM | 32 MB ROM | Expandable Upto 32 GB,7.11 cm (2.8 inch) Quarter QVGA Display,0.8MP + 0MP | 0MP Front Camera,1900 mAh Battery,Unisoc Processor,,"₹1,349","₹1,799",25% off,Bank Offer,
53,"OPPO K13 5G with 7000mAh and 80W SUPERVOOC Charger In-The-Box (Icy Purple, 128 GB)",4.5,"64,785 Ratings & 3,929 Reviews",8 GB RAM | 128 GB ROM,16.94 cm (6.67 inch) Display,50MP + 2MP | 16MP Front Camera,7000 mAh Battery,Snapdragon 6 Gen 4 Processor,1 Year Warranty on the Product and 6 Months Warranty on Inbox Accessories,"₹17,999","₹22,999",21% off,,"₹14,050"
54,"MOTOROLA Edge 60 Fusion 5G (PANTONE Amazonite, 256 GB)",4.4,"1,01,865 Ratings & 5,310 Reviews",8 GB RAM | 256 GB ROM | Expandable Upto 1 TB,16.94 cm (6.67 inch) Display,50MP + 13MP | 32MP Front Camera,5500 mAh Battery,Dimensity 7400 Processor,1 Year Warranty on Handset and 6 Months Warranty on Accessories,"₹20,999","₹25,999",19% off,Super Deals,"₹16,650"
55,"OPPO K13 5G with 7000mAh and 80W SUPERVOOC Charger In-The-Box (Prism Black, 128 GB)",4.5,"64,785 Ratings & 3,929 Reviews",8 GB RAM | 128 GB ROM,16.94 cm (6.67 inch) Display,50MP + 2MP | 16MP Front Camera,7000 mAh Battery,Snapdragon 6 Gen 4 Processor,1 Year Warranty on the Product and 6 Months Warranty on Inbox Accessories,"₹17,999","₹22,999",21% off,,"₹14,050"
56,"POCO C75 5G (Silver Stardust, 64 GB)",4.2,"1,29,220 Ratings & 5,807 Reviews",4 GB RAM | 64 GB ROM | Expandable Upto 1 TB,17.48 cm (6.88 inch) HD+ Display,50MP Rear Camera | 5MP Front Camera,5160 mAh Battery,4s Gen 2 5G Processor,1 Year Manufacturer Warranty for Phone and 6 Months Warranty for In the Box Accessories,"₹7,499","₹10,999",31% off,Bank Offer,"₹5,650"
57,"vivo T4x 5G (Glacial Teal, 128 GB)",4.4,"1,80,231 Ratings & 8,062 Reviews",6 GB RAM | 128 GB ROM,17.07 cm (6.72 inch) Display,50MP + 2MP | 8MP Front Camera,6500 mAh Battery,Dimensity 7300 5G Processor,1 Year Warranty for Device and 6 Months Warranty for Accessories,"₹14,499","₹17,999",19% off,Super Deals,"₹11,250"
58,"MOTOROLA g35 5G (Leaf Green, 128 GB)",4.2,"1,04,748 Ratings & 6,733 Reviews",4 GB RAM | 128 GB ROM | Expandable Upto 1 TB,17.07 cm (6.72 inch) Full HD+ Display,50MP + 8MP | 16MP Front Camera,5000 mAh Battery,T760 Processor,,"₹9,999","₹12,499",20% off,,"₹7,700"
59,"POCO M7 Pro 5G (Olive Twilight, 256 GB)",4.2,"11,393 Ratings & 974 Reviews",8 GB RAM | 256 GB ROM,16.94 cm (6.67 inch) Full HD+ Display,50MP + 2MP | 20MP Front Camera,5110 mAh Battery,Dimensity 7025 Ultra Processor,1 Year Manufacturer Warranty for Phone and 6 Months Warranty for In the Box Accessories,"₹13,999","₹20,999",33% off,Bank Offer,"₹11,000"
60,"MOTOROLA g05 (Plum Red, 64 GB)",4.2,"68,414 Ratings & 4,262 Reviews",4 GB RAM | 64 GB ROM | Expandable Upto 1 TB,16.94 cm (6.67 inch) HD+ Display,50MP Rear Camera | 8MP Front Camera,5100 mAh Battery,Helio G81 Processor,1 Year Warranty on Handset and 6 Months Warranty on Accessories,"₹6,999","₹9,999",30% off,Bank Offer,"₹5,300"
61,"realme 15x 5G (Marine Blue, 256 GB)",4.3,"1,730 Ratings & 124 Reviews",8 GB RAM | 256 GB ROM | Expandable Upto 2 TB,17.27 cm (6.8 inch) Display,50MP Rear Camera | 50MP Front Camera,7000 mAh Battery,Dimensity 6300 6nm Octa-core chipset Processor,1 Year Manufacturer Warranty for Device and 6 Months Manufacturer Warranty for Inbox Accessories,"₹20,499","₹21,999",6% off,Bank Offer,"₹16,200"
62,"Samsung Galaxy S24 5G Snapdragon (Onyx Black, 128 GB)",4.6,"40,708 Ratings & 2,259 Reviews",8 GB RAM | 128 GB ROM,15.75 cm (6.2 inch) Full HD+ Display,50MP + 12MP | 12MP Front Camera,4000 mAh Battery,8 Gen 3 Processor,1 Year Manufacturer Warranty for Device and 6 Months for In-Box Accessories,"₹47,999","₹74,999",36% off,Super Deals,"₹38,000"
63,"REDMI A4 (Sparkle Purple, 128 GB)",4.2,856 Ratings & 32 Reviews,6 GB RAM | 128 GB ROM,17.48 cm (6.88 inch) Display,50MP + 50MP | 5MP Dual Front Camera,5160 mAh Battery,Snapdragon 4s Gen 2 5G Processor Processor,,"₹9,394","₹12,999",27% off,Super Deals,
64,"vivo T4 5G (Phantom Grey, 256 GB)",4.5,"81,392 Ratings & 3,715 Reviews",8 GB RAM | 256 GB ROM,17.2 cm (6.77 inch) Display,50MP (OIS) + 2MP | 32MP Front Camera,7300 mAh Battery,Snapdragon 7s Gen 3 5G Processor,1 Year Warranty on the Handset and 6 Months Warranty on Inbox Accessories,"₹22,999","₹27,999",17% off,,"₹17,850"
65,Nokia 105 Classic without Charger,3.7,"6,164 Ratings & 263 Reviews",32 MB RAM | 32 MB ROM,4.5 cm (1.77 inch) Display,0MP Front Camera,800 mAh Battery,SC6531E Processor,1 Month Company Domestic Warranty by Company Authorized Service Center.,"₹1,249",,,,
66,"MOTOROLA g35 5G (Leaf Green, 128 GB)",4.2,"1,652 Ratings & 73 Reviews",8 GB RAM | 128 GB ROM | Expandable Upto 1 TB,17.07 cm (6.72 inch) Full HD+ Display,50MP + 8MP | 16MP Front Camera,5000 mAh Battery,T760 Processor,,"₹11,999","₹15,499",22% off,Bank Offer,"₹9,300"
67,"realme P3 Lite 5G Charger in the Box (Midnight Lily, 128 GB)",4.4,"4,548 Ratings & 182 Reviews",4 GB RAM | 128 GB ROM | Expandable Upto 2 TB,16.94 cm (6.67 inch) Display,32MP Rear Camera | 8MP Front Camera,6000 mAh Battery,Dimensity 6300 Processor,1 Year Manufacturer Warranty for Device and 6 Months Manufacturer Warranty for Inbox Accessories,"₹10,499","₹12,999",19% off,,"₹8,000"
68,"POCO M6 Plus 5G (Misty Lavender, 128 GB)",4.2,"15,318 Ratings & 914 Reviews",8 GB RAM | 128 GB ROM | Expandable Upto 1 TB,17.25 cm (6.79 inch) Full HD+ Display,108MP + 2MP | 13MP Front Camera,5030 mAh Battery,Snapdragon 4 Gen2 AE Processor,1 Year Manufacturer Warranty for Phone and 6 Months Warranty for In the Box Accessories,"₹10,899","₹17,999",39% off,Bank Offer,"₹8,450"
69,"REDMI A4 (Sparkle Purple, 128 GB)",4.3,"11,155 Ratings & 479 Reviews",4 GB RAM | 128 GB ROM,17.48 cm (6.88 inch) Display,50MP Rear Camera,5160 mAh Battery,,,"₹8,984","₹11,999",25% off,Bank Offer,
70,"MOTOROLA Edge 60 Fusion 5G (PANTONE Slipstream, 256 GB)",4.4,"1,01,865 Ratings & 5,310 Reviews",8 GB RAM | 256 GB ROM | Expandable Upto 1 TB,16.94 cm (6.67 inch) Display,50MP + 13MP | 32MP Front Camera,5500 mAh Battery,Dimensity 7400 Processor,1 Year Warranty on Handset and 6 Months Warranty on Accessories,"₹20,999","₹25,999",19% off,Super Deals,"₹16,650"
71,"realme P3x 5G (Lunar Silver, 128 GB)",4.4,"19,892 Ratings & 812 Reviews",8 GB RAM | 128 GB ROM,17.07 cm (6.72 inch) Full HD Display,50MP Rear Camera | 8MP Front Camera,6000 mAh Battery,Dimensity 6400 Processor,1 Year Manufacturer Warranty for Device and 6 Months Manufacturer Warranty for Inbox Accessories,"₹12,499","₹17,999",30% off,,"₹9,750"
72,"Infinix Note 50s 5G+ (Marine Drift, 128 GB)",4.4,"7,376 Ratings & 479 Reviews",6 GB RAM | 128 GB ROM,17.22 cm (6.78 inch) Full HD+ Display,64MP + 2MP | 13MP Front Camera,5500 mAh Battery,Dimensity 7300 Ultimate Processor,1 Year Warranty for Handset and 6 Months Warranty for Accessories,"₹15,999","₹19,999",20% off,Bank Offer,"₹12,550"
73,Micromax X1i Smart,3.8,"2,782 Ratings & 165 Reviews",32 MB RAM | 32 MB ROM,6.1 cm (2.4 inch) Display,0.08MP Rear Camera,1200 mAh Battery,,One Year Manufacturer Warranty,₹948,"₹1,799",47% off,Super Deals,
74,"realme P3x 5G (Stellar Pink, 128 GB)",4.4,"60,539 Ratings & 2,262 Reviews",6 GB RAM | 128 GB ROM,17.07 cm (6.72 inch) Full HD Display,50MP Rear Camera | 8MP Front Camera,6000 mAh Battery,Dimensity 6400 Processor,1 Year Manufacturer Warranty for Device and 6 Months Manufacturer Warranty for Inbox Accessories,"₹11,499","₹16,999",32% off,Bank Offer,"₹8,950"
75,"IQOO Z10R 5G (Moonstone, 128 GB)",4.4,"2,179 Ratings & 124 Reviews",8 GB RAM | 128 GB ROM,17.2 cm (6.77 inch) Display,50MP Rear Camera,5700 mAh Battery,,1 Year Warranty,"₹18,803","₹23,499",19% off,,"₹14,800"
76,"POCO C71 (Cool Blue, 64 GB)",3.8,"46,431 Ratings & 2,129 Reviews",4 GB RAM | 64 GB ROM | Expandable Upto 2 TB,17.48 cm (6.88 inch) HD+ Display,32MP Rear Camera | 8MP Front Camera,5200 mAh Battery,Unisoc T7250 Max clock speed: 2 x A75@1.8GHz 6 x A55@1.6GHz Processor,1 Year Manufacturer Warranty for Phone and 6 Months Warranty for In the Box Accessories,"₹6,199","₹8,999",31% off,Bank Offer,"₹4,600"
77,"Ai+ Pulse (Black, 64 GB)",4.3,"34,161 Ratings & 2,128 Reviews",4 GB RAM | 64 GB ROM | Expandable Upto 1 TB,17.13 cm (6.745 inch) HD+ Display,50MP Rear Camera | 5MP Front Camera,5000 mAh Battery,T615 Processor,1 Year Warranty on Handset and 6 Months Warranty on the Inbox Accessories,"₹5,999","₹7,999",25% off,Bank Offer,"₹4,450"
78,"Infinix Note 50x 5G+ 45W Charger In the Box & AI (Enchanted Purple, 128 GB)",4.3,"14,713 Ratings & 1,351 Reviews",6 GB RAM | 128 GB ROM,16.94 cm (6.67 inch) HD+ Display,50MP + AI Lens | 8MP Front Camera,5500 mAh Battery,Dimensity 7300 Ultimate Processor,1 Year Warranty on the Handset and 6 Months Warranty on the In-box Accessories,"₹11,999","₹14,999",20% off,Bank Offer,"₹9,300"
79,HOTLINE Classic H17,3.7,100 Ratings & 4 Reviews,32 MB RAM | 32 MB ROM | Expandable Upto 16 GB,4.57 cm (1.8 inch) NA Display,0.3MP Rear Camera,1000 mAh Battery,,3 Months Manufacturer Warranty,₹480,₹999,51% off,Bank Offer,
80,"IQOO Z10 Lite 5G (Titanium Blue, 128 GB)",4.2,"1,536 Ratings & 63 Reviews",4 GB RAM | 128 GB ROM,17.12 cm (6.74 inch) Display,50MP Rear Camera,6000 mAh Battery,,1 Year Warranty,"₹10,429","₹13,999",25% off,,"₹8,000"
81,"MOTOROLA Edge 60 Pro (Pantone Shadow, 512 GB)",4.3,"1,825 Ratings & 138 Reviews",16 GB RAM | 512 GB ROM,17.02 cm (6.7 inch) Display,50MP + 50MP + 10MP | 50MP Front Camera,6000 mAh Battery,Dimensity 8350 Processor,1 Year Warranty on Handset and 6 Months Warranty on Accessories,"₹35,999","₹42,999",16% off,Super Deals,"₹28,450"
82,"Infinix NOTE 50s 5G+ 45W Charger In the Box & AI (Mystic Plum, 128 GB)",4.4,"7,376 Ratings & 479 Reviews",6 GB RAM | 128 GB ROM,17.22 cm (6.78 inch) Full HD+ Display,64MP + 2MP | 13MP Front Camera,5500 mAh Battery,Dimensity 7300 Ultimate Processor,1 Year Warranty for Handset and 6 Months Warranty for Accessories,"₹15,999","₹19,999",20% off,,"₹12,550"
83,"MOTOROLA G96 5G (Pantone Ashleigh Blue, 128 GB)",4.4,"66,020 Ratings & 3,322 Reviews",8 GB RAM | 128 GB ROM,16.94 cm (6.67 inch) Full HD+ Display,50MP + 8MP | 32MP Front Camera,5500 mAh Battery,7s Gen 2 Processor,1 Year Warranty on Handset and 6 Months Warranty on Accessories,"₹17,999","₹20,999",14% off,Super Deals,
84,"REDMI A4 5G only on Jio SIM (Starry Black, 64 GB)",4.3,"11,155 Ratings & 479 Reviews",4 GB RAM | 64 GB ROM,17.48 cm (6.88 inch) Display,50MP Rear Camera,5160 mAh Battery,,,"₹7,973","₹10,999",27% off,Super Deals,
85,"Motorola g45 5G (Brilliant Blue, 128 GB)",4.3,"2,42,645 Ratings & 12,087 Reviews",8 GB RAM | 128 GB ROM | Expandable Upto 1 TB,16.51 cm (6.5 inch) HD+ Display,50MP + 2MP | 16MP Front Camera,5000 mAh Battery,Snapdragon 6s Gen 3 Processor,1 Year Warranty on Handset and 6 Months Warranty on Accessories,"₹11,999","₹14,999",20% off,Bank Offer,"₹9,300"
86,"OPPO K13 5G with 7000mAh and 80W SUPERVOOC Charger In-The-Box (Icy Purple, 256 GB)",4.5,"64,785 Ratings & 3,929 Reviews",8 GB RAM | 256 GB ROM,16.94 cm (6.67 inch) Display,50MP + 2MP | 16MP Front Camera,7000 mAh Battery,Snapdragon 6 Gen 4 Processor,1 Year Warranty on the Product and 6 Months Warranty on Inbox Accessories,"₹19,999","₹24,999",20% off,,"₹15,700"
87,"OnePlus Nord CE5 5G (Marble Mist, 128 GB)",4.5,"4,706 Ratings & 266 Reviews",8 GB RAM | 128 GB ROM,17.2 cm (6.77 inch) Display,50MP Rear Camera,7100 mAh Battery,,1 Year Warranty,"₹24,555","₹24,999",1% off,,"₹19,500"
88,"realme 15x 5G (Marine Blue, 128 GB)",4.4,"2,130 Ratings & 167 Reviews",6 GB RAM | 128 GB ROM | Expandable Upto 2 TB,17.27 cm (6.8 inch) Display,50MP Rear Camera | 50MP Front Camera,7000 mAh Battery,Dimensity 6300 6nm Octa-core chipset Processor,1 Year Manufacturer Warranty for Device and 6 Months Manufacturer Warranty for Inbox Accessories,"₹17,499","₹18,999",7% off,Bank Offer,"₹13,800"
89,"POCO M6 Plus 5G (Ice Silver, 128 GB)",4.2,"15,318 Ratings & 914 Reviews",8 GB RAM | 128 GB ROM | Expandable Upto 1 TB,17.25 cm (6.79 inch) Full HD+ Display,108MP + 2MP | 13MP Front Camera,5030 mAh Battery,Snapdragon 4 Gen2 AE Processor,1 Year Manufacturer Warranty for Phone and 6 Months Warranty for In the Box Accessories,"₹10,637","₹17,999",40% off,,"₹8,200"
90,"Samsung Galaxy S24 5G Snapdragon (Onyx Black, 256 GB)",4.6,"40,708 Ratings & 2,259 Reviews",8 GB RAM | 256 GB ROM,15.75 cm (6.2 inch) Full HD+ Display,50MP + 12MP | 12MP Front Camera,4000 mAh Battery,8 Gen 3 Processor,1 Year Manufacturer Warranty for Device and 6 Months for In-Box Accessories,"₹52,999","₹79,999",33% off,Super Deals,"₹42,600"
91,"POCO C75 5G (Enchanted Green, 128 GB)",4.2,"1,29,220 Ratings & 5,807 Reviews",4 GB RAM | 128 GB ROM | Expandable Upto 1 TB,17.48 cm (6.88 inch) HD+ Display,50MP Rear Camera | 5MP Front Camera,5160 mAh Battery,4s Gen 2 5G Processor,1 Year Manufacturer Warranty for Phone and 6 Months Warranty for In the Box Accessories,"₹8,199","₹11,499",28% off,Super Deals,"₹6,250"
92,"Infinix SMART 10 (Titanium Silver, 64 GB)",4.3,718 Ratings & 52 Reviews,4 GB RAM | 64 GB ROM,16.94 cm (6.67 inch) HD+ Display,8MP Rear Camera | 8MP Front Camera,5000 mAh Battery,UniSoc T7250 Processor,1 Year Manufacturer Warranty for Device and 6 Months Manufacturer Warranty for Inbox Accessories,"₹6,799","₹8,999",24% off,Bank Offer,"₹5,100"
93,"Ai+ Pulse (Blue, 64 GB)",4.3,"34,161 Ratings & 2,128 Reviews",4 GB RAM | 64 GB ROM | Expandable Upto 1 TB,17.13 cm (6.745 inch) HD+ Display,50MP Rear Camera | 5MP Front Camera,5000 mAh Battery,T615 Processor,1 Year Warranty on Handset and 6 Months Warranty on the Inbox Accessories,"₹5,999","₹7,999",25% off,Bank Offer,"₹4,450"
94,"MOTOROLA g35 5G (Guava Red, 128 GB)",4.2,"1,04,748 Ratings & 6,733 Reviews",4 GB RAM | 128 GB ROM | Expandable Upto 1 TB,17.07 cm (6.72 inch) Full HD+ Display,50MP + 8MP | 16MP Front Camera,5000 mAh Battery,T760 Processor,,"₹9,999","₹12,499",20% off,,"₹7,700"
95,"MOTOROLA Edge 60 Fusion 5G (PANTONE Mykonos Blue, 256 GB)",4.4,"1,01,865 Ratings & 5,310 Reviews",8 GB RAM | 256 GB ROM | Expandable Upto 1 TB,16.94 cm (6.67 inch) Display,50MP + 13MP | 32MP Front Camera,5500 mAh Battery,Dimensity 7400 Processor,1 Year Warranty on Handset and 6 Months Warranty on Accessories,"₹20,999","₹25,999",19% off,Bank Offer,"₹16,650"
96,"realme 15x 5G (Maroon Red, 128 GB)",4.4,"2,130 Ratings & 167 Reviews",6 GB RAM | 128 GB ROM | Expandable Upto 2 TB,17.27 cm (6.8 inch) Display,50MP Rear Camera | 50MP Front Camera,7000 mAh Battery,Dimensity 6300 6nm Octa-core chipset Processor,1 Year Manufacturer Warranty for Device and 6 Months Manufacturer Warranty for Inbox Accessories,"₹17,499","₹18,999",7% off,Bank Offer,"₹13,800"
97,"vivo T4x 5G (Marine Blue, 128 GB)",4.4,"1,80,231 Ratings & 8,062 Reviews",6 GB RAM | 128 GB ROM,17.07 cm (6.72 inch) Display,50MP + 2MP | 8MP Front Camera,6500 mAh Battery,Dimensity 7300 5G Processor,1 Year Warranty for Device and 6 Months Warranty for Accessories,"₹14,499","₹17,999",19% off,Bank Offer,"₹11,250"
98,"MOTOROLA G96 5G (Pantone Ashleigh Blue, 256 GB)",4.4,"66,020 Ratings & 3,322 Reviews",8 GB RAM | 256 GB ROM,16.94 cm (6.67 inch) Full HD+ Display,50MP + 8MP | 32MP Front Camera,5500 mAh Battery,7s Gen 2 Processor,1 Year Warranty on Handset and 6 Months Warranty on Accessories,"₹19,999","₹22,999",13% off,Bank Offer,"₹15,700"
99,"Motorola G85 5G (Cobalt Blue, 128 GB)",4.4,"2,50,584 Ratings & 12,456 Reviews",8 GB RAM | 128 GB ROM,16.94 cm (6.67 inch) Full HD+ Display,50MP + 8MP | 32MP Front Camera,5000 mAh Battery,6s Gen 3 Processor,,"₹15,999","₹20,999",23% off,Bank Offer,"₹12,550"
100,"MOTOROLA G96 5G (Pantone Cattleya Orchid, 128 GB)",4.4,"66,020 Ratings & 3,322 Reviews",8 GB RAM | 128 GB ROM,16.94 cm (6.67 inch) Full HD+ Display,50MP + 8MP | 32MP Front Camera,5500 mAh Battery,7s Gen 2 Processor,1 Year Warranty on Handset and 6 Months Warranty on Accessories,"₹17,999","₹20,999",14% off,Bank Offer,"₹14,050"
101,"OPPO K13x 5G 6000mAh and 45W SUPERVOOC Charger & AI (Sunset Peach, 128 GB)",4.5,"69,788 Ratings & 5,424 Reviews",6 GB RAM | 128 GB ROM | Expandable Upto 2 TB,16.94 cm (6.67 inch) HD+ Display,50MP + 2MP | 8MP Front Camera,6000 mAh Battery,Dimensity 6300 Processor,1 Year Manufacturer Warranty for Device and 6 Months Manufacturer Warranty for Inbox Accessories,"₹12,999","₹16,999",23% off,,"₹10,100"
102,"POCO M7 5G (Ocean Blue, 128 GB)",4.1,"58,019 Ratings & 2,740 Reviews",6 GB RAM | 128 GB ROM | Expandable Upto 1 TB,17.48 cm (6.88 inch) HD+ Display,50MP Rear Camera | 8MP Front Camera,5160 mAh Battery,4 Gen 2 5G Processor,1 Year Manufacturer Warranty for Phone and 6 Months Warranty for In the Box Accessories,"₹8,999","₹12,999",30% off,Super Deals,"₹6,900"
103,"OPPO K13x 5G 6000mAh and 45W SUPERVOOC Charger & AI (Midnight Violet, 128 GB)",4.4,"18,393 Ratings & 1,438 Reviews",4 GB RAM | 128 GB ROM | Expandable Upto 2 TB,16.94 cm (6.67 inch) HD+ Display,50MP + 2MP | 8MP Front Camera,6000 mAh Battery,Dimensity 6300 Processor,1 Year Manufacturer Warranty for Device and 6 Months Manufacturer Warranty for Inbox Accessories,"₹11,999","₹15,999",25% off,Bank Offer,"₹9,300"
104,"MOTOROLA g35 5G (Guava Red, 128 GB)",4.2,"1,652 Ratings & 73 Reviews",8 GB RAM | 128 GB ROM | Expandable Upto 1 TB,17.07 cm (6.72 inch) Full HD+ Display,50MP + 8MP | 16MP Front Camera,5000 mAh Battery,T760 Processor,,"₹11,999","₹15,499",22% off,Bank Offer,"₹9,300"
105,"realme Narzo 80 Lite 5G (Onyx Black, 128 GB)",4.3,419 Ratings & 18 Reviews,4 GB RAM | 128 GB ROM,16.94 cm (6.67 inch) Display,50MP Rear Camera,6000 mAh Battery,,1 Year Warranty,"₹10,564","₹13,999",24% off,,"₹8,150"
106,"MOTOROLA G86 Power 5G (Pantone Spellbound, 128 GB)",4.3,"20,257 Ratings & 1,319 Reviews",8 GB RAM | 128 GB ROM | Expandable Upto 1 TB,17.02 cm (6.7 inch) Super HD Display,50MP + 8MP | 32MP Front Camera,6720 mAh Battery,Dimensity 7400 Processor,1 Year Warranty on Handset and 6 Months Warranty on Accessories,"₹17,999","₹19,999",10% off,Bank Offer,"₹14,050"
107,"Motorola G85 5G (Olive Green, 128 GB)",4.4,"2,50,584 Ratings & 12,456 Reviews",8 GB RAM | 128 GB ROM,16.94 cm (6.67 inch) Full HD+ Display,50MP + 8MP | 32MP Front Camera,5000 mAh Battery,6s Gen 3 Processor,,"₹15,999","₹20,999",23% off,Bank Offer,"₹12,550"
108,"Samsung M36 5G (Light Green, 128 GB)",4.2,885 Ratings & 44 Reviews,6 GB RAM | 128 GB ROM,17.02 cm (6.7 inch) Display,50MP Rear Camera,5000 mAh Battery,,1 Year Warranty,"₹14,477","₹22,999",37% off,Super Deals,
109,"Google Pixel 9A (Obsidian, 256 GB)",4.4,"3,675 Ratings & 272 Reviews",8 GB RAM | 256 GB ROM,15.96 cm (6.285 inch) Full HD+ Display,48MP + 12MP | 12MP Front Camera,5100 mAh Battery,Tensor G4 Processor,1 Year Domestic Warranty,"₹44,999","₹49,999",10% off,Super Deals,"₹35,600"
110,"REDMI 13 5G (Orchid Pink, 128 GB)",4.2,"13,467 Ratings & 727 Reviews",8 GB RAM | 128 GB ROM,17.25 cm (6.79 inch) Full HD+ Display,108MP Rear Camera,5030 mAh Battery,Qualcomm SM4450 Snapdragon 4 Gen 2 AE (4 nm) Processor,,"₹12,218","₹19,999",38% off,Super Deals,
111,"Infinix Note 50x 5G+ 45W Charger In the Box & AI (Titanium Grey, 128 GB)",4.3,"14,713 Ratings & 1,351 Reviews",6 GB RAM | 128 GB ROM,16.94 cm (6.67 inch) HD+ Display,50MP + AI Lens | 8MP Front Camera,5500 mAh Battery,Dimensity 7300 Ultimate Processor,1 Year Warranty on the Handset and 6 Months Warranty on the In-box Accessories,"₹11,999","₹14,999",20% off,,"₹9,300"
112,"vivo T4x 5G (Glacial Teal, 128 GB)",4.4,"1,34,136 Ratings & 6,451 Reviews",8 GB RAM | 128 GB ROM,17.07 cm (6.72 inch) Display,50MP + 2MP | 8MP Front Camera,6500 mAh Battery,Dimensity 7300 5G Processor,1 Year Warranty for Device and 6 Months Warranty for Accessories,"₹15,499","₹19,499",20% off,Super Deals,"₹12,150"
113,"vivo Y19e (Majestic Green, 64 GB)",4.3,"2,833 Ratings & 96 Reviews",4 GB RAM | 64 GB ROM | Expandable Upto 2 TB,17.12 cm (6.74 inch) Display,13MP + 0.08MP | 5MP Front Camera,5500 mAh Battery,T7225 Processor,1 Year Warranty on the Product and 6 Months Warranty on the Accessories,"₹7,999","₹11,999",33% off,,
114,"POCO F7 5G (Phantom Black, 512 GB)",4.4,"15,611 Ratings & 1,575 Reviews",12 GB RAM | 512 GB ROM,17.35 cm (6.83 inch) Display,50MP Rear Camera | 20MP Front Camera,7550 mAh Li-Polymer + Silicon Carbon Battery,8s Gen 4 Processor,1 Year Manufacturer Warranty for Phone and 6 Months Warranty for In the Box Accessories,"₹32,999","₹37,999",13% off,Bank Offer,"₹26,200"
115,"vivo T4 Lite 5G Charger in the Box (Titanium Gold, 128 GB)",4.4,"46,130 Ratings & 1,441 Reviews",6 GB RAM | 128 GB ROM | Expandable Upto 2 TB,17.12 cm (6.74 inch) HD+ Display,50MP + 2MP | 5MP Front Camera,6000 mAh Battery,Dimensity 6300 5G Processor,1 Year Manufacturer Warranty for Device and 6 Months Manufacturer Warranty for Inbox Accessories,"₹11,499","₹14,999",23% off,Bank Offer,"₹8,950"
116,"Samsung Galaxy F16 5G (Vibing Blue, 128 GB)",4.2,"9,367 Ratings & 545 Reviews",6 GB RAM | 128 GB ROM,16.91 cm (6.657 inch) Full HD+ Display,50MP + 5MP + 2MP | 13MP Front Camera,5000 mAh Battery,Dimensity 6300 Processor,1 Year Manufacturer Warranty for Device and 6 Months for In-Box Accessories,"₹13,999","₹17,499",20% off,Bank Offer,"₹11,000"
117,"REDMI A4 5G only on Jio SIM (Sparkle Purple, 64 GB)",4.3,"11,155 Ratings & 479 Reviews",4 GB RAM | 64 GB ROM,17.48 cm (6.88 inch) Display,50MP Rear Camera,5160 mAh Battery,,,"₹7,999","₹10,999",27% off,Super Deals,
118,"realme Narzo 80 Lite 4G (Beach Gold, 128 GB)",4.3,728 Ratings & 39 Reviews,6 GB RAM | 128 GB ROM,17.12 cm (6.74 inch) HD+ Display,13MP Rear Camera,6300 mAh Battery,,1 year brand Warranty,"₹8,374","₹10,999",23% off,Super Deals,
119,"vivo T4x 5G (Glacial Teal, 256 GB)",4.4,"1,34,136 Ratings & 6,451 Reviews",8 GB RAM | 256 GB ROM,17.07 cm (6.72 inch) Display,50MP + 2MP | 8MP Front Camera,6500 mAh Battery,Dimensity 7300 5G Processor,1 Year Warranty for Device and 6 Months Warranty for Accessories,"₹17,499","₹20,999",16% off,Super Deals,"₹13,800"
120,"Google Pixel 9A (Iris, 256 GB)",4.4,"3,675 Ratings & 272 Reviews",8 GB RAM | 256 GB ROM,15.96 cm (6.285 inch) Full HD+ Display,48MP + 12MP | 12MP Front Camera,5100 mAh Battery,Tensor G4 Processor,1 Year Domestic Warranty,"₹44,999","₹49,999",10% off,,"₹35,600"
121,itel it5330 | 2.8 inch Big Display | 1900 mAh Battery | Kingvoice,4.1,"23,720 Ratings & 1,386 Reviews",32 MB RAM | 32 MB ROM | Expandable Upto 32 GB,7.11 cm (2.8 inch) Quarter QVGA Display,0.8MP + 0MP | 0MP Front Camera,1900 mAh Battery,Unisoc Processor,,"₹1,349","₹1,799",25% off,Bank Offer,
122,"CMF by Nothing Phone 2 Pro (White, 128 GB)",4.4,"56,624 Ratings & 3,886 Reviews",8 GB RAM | 128 GB ROM | Expandable Upto 2 TB,17.2 cm (6.77 inch) Display,50MP + 50MP + 8MP | 16MP Front Camera,5000 mAh Battery,Dimensity 7300 Pro 5G Processor,1 Year Manufacturing Warranty,"₹17,999","₹22,999",21% off,Super Deals,"₹14,050"
123,Kechaoda A26_Pink,4,"1,858 Ratings & 48 Reviews",32 MB RAM | 16 GB ROM | Expandable Upto 32 MB,1.68 cm (0.66 inch) NA Display,0MP | 0MP Front Camera,800 mAh Battery,NA Processor,1 Year Company Domestic Warranty by Company Authorized Service Center.,₹884,"₹1,499",41% off,Bank Offer,
124,"MOTOROLA Edge 60 Fusion 5G (PANTONE Slipstream, 256 GB)",4.4,"40,686 Ratings & 2,162 Reviews",12 GB RAM | 256 GB ROM | Expandable Upto 1 TB,16.94 cm (6.67 inch) Display,50MP + 13MP | 32MP Front Camera,5500 mAh Battery,Dimensity 7400 Processor,1 Year Warranty on Handset and 6 Months Warranty on Accessories,"₹22,999","₹27,999",17% off,Super Deals,"₹17,850"
125,"Nothing Phone (3a) (White, 256 GB)",4.5,"48,998 Ratings & 3,532 Reviews",8 GB RAM | 256 GB ROM,43.66 cm (17.19 cm) Full HD+ Display,50MP (Main) + 50MP (2X Tele Photo) + 8MP (Ultra-Wide) | 32MP Front Camera,5000 mAh Battery,7s Gen3 Processor,1 Year Manufacturing Warranty,"₹26,999","₹29,999",10% off,Bank Offer,"₹21,200"
126,itel it5330 | 2.8 inch Big Display | 1900 mAh Battery | Kingvoice,4.1,"23,720 Ratings & 1,386 Reviews",32 MB RAM | 32 MB ROM | Expandable Upto 32 GB,7.11 cm (2.8 inch) Quarter QVGA Display,0.8MP + 0MP | 0MP Front Camera,1900 mAh Battery,Unisoc Processor,,"₹1,349","₹1,799",25% off,Bank Offer,
127,"Samsung Galaxy F16 5G (Vibing Blue, 128 GB)",4.2,"9,367 Ratings & 545 Reviews",6 GB RAM | 128 GB ROM,16.91 cm (6.657 inch) Full HD+ Display,50MP + 5MP + 2MP | 13MP Front Camera,5000 mAh Battery,Dimensity 6300 Processor,1 Year Manufacturer Warranty for Device and 6 Months for In-Box Accessories,"₹13,999","₹17,499",20% off,Bank Offer,"₹11,000"
128,itel it5330 | 2.8 inch Big Display | 1900 mAh Battery | Kingvoice,4.1,"23,720 Ratings & 1,386 Reviews",32 MB RAM | 32 MB ROM | Expandable Upto 32 GB,7.11 cm (2.8 inch) Quarter QVGA Display,0.8MP + 0MP | 0MP Front Camera,1900 mAh Battery,Unisoc Processor,,"₹1,349","₹1,799",25% off,Bank Offer,
129,"Apple iPhone 16 (White, 256 GB)",4.6,"1,77,938 Ratings & 5,611 Reviews",,15.49 cm (6.1 inch) Super Retina XDR Display,48MP + 12MP | 12MP Front Camera,,"A18 Chip, 6 Core Processor Processor",,"₹79,900",,,,"₹55,250"
130,"Nothing Phone (3a) (Blue, 128 GB)",4.5,"48,998 Ratings & 3,532 Reviews",8 GB RAM | 128 GB ROM,43.66 cm (17.19 cm) Full HD+ Display,50MP (Main) + 50MP (2X Tele Photo) + 8MP (Ultra-Wide) | 32MP Front Camera,5000 mAh Battery,7s Gen3 Processor,1 Year Manufacturing Warranty,"₹24,999","₹27,999",10% off,Bank Offer,"₹19,600"
131,"Nothing Phone (3a) (Black, 128 GB)",4.5,"48,998 Ratings & 3,532 Reviews",8 GB RAM | 128 GB ROM,43.66 cm (17.19 cm) Full HD+ Display,50MP (Main) + 50MP (2X Tele Photo) + 8MP (Ultra-Wide) | 32MP Front Camera,5000 mAh Battery,7s Gen3 Processor,1 Year Manufacturing Warranty,"₹24,999","₹27,999",10% off,Bank Offer,"₹19,600"
132,"MOTOROLA Edge 60 Fusion 5G (PANTONE Slipstream, 256 GB)",4.4,"1,01,865 Ratings & 5,310 Reviews",8 GB RAM | 256 GB ROM | Expandable Upto 1 TB,16.94 cm (6.67 inch) Display,50MP + 13MP | 32MP Front Camera,5500 mAh Battery,Dimensity 7400 Processor,1 Year Warranty on Handset and 6 Months Warranty on Accessories,"₹20,999","₹25,999",19% off,Super Deals,"₹16,650"
133,"realme Narzo 80 Lite 5G (Crystal Purple, 128 GB)",4.3,"3,236 Ratings & 129 Reviews",6 GB RAM | 128 GB ROM,16.94 cm (6.67 inch) Display,32MP Rear Camera,6000 mAh Battery,,1 Year Warranty,"₹10,721","₹14,999",28% off,,"₹8,300"
134,"REDMI A4 5G only on Jio SIM (Starry Black, 64 GB)",4.3,"11,155 Ratings & 479 Reviews",4 GB RAM | 64 GB ROM,17.48 cm (6.88 inch) Display,50MP Rear Camera,5160 mAh Battery,,,"₹7,973","₹10,999",27% off,Super Deals,
135,"Samsung Galaxy A55 5G (Awesome Iceblue, 128 GB)",4.4,"4,801 Ratings & 297 Reviews",8 GB RAM | 128 GB ROM | Expandable Upto 1 TB,16.76 cm (6.6 inch) Full HD+ Display,50MP + 12MP + 5MP | 32MP Front Camera,5000 mAh Battery,Samsung Exynos 1480 Processor,1 Year Manufacturer Warranty for Device and 6 Months for In-Box Accessories,"₹24,868","₹42,999",42% off,,"₹19,600"
136,"CMF by Nothing Phone 2 Pro (Black, 128 GB)",4.4,"56,624 Ratings & 3,886 Reviews",8 GB RAM | 128 GB ROM | Expandable Upto 2 TB,17.2 cm (6.77 inch) Display,50MP + 50MP + 8MP | 16MP Front Camera,5000 mAh Battery,Dimensity 7300 Pro 5G Processor,1 Year Manufacturing Warranty,"₹17,999","₹22,999",21% off,Bank Offer,"₹14,050"
137,"CMF by Nothing Phone 2 Pro (Light Green, 128 GB)",4.4,"56,624 Ratings & 3,886 Reviews",8 GB RAM | 128 GB ROM | Expandable Upto 2 TB,17.2 cm (6.77 inch) Display,50MP + 50MP + 8MP | 16MP Front Camera,5000 mAh Battery,Dimensity 7300 Pro 5G Processor,1 Year Manufacturing Warranty,"₹17,999","₹22,999",21% off,Super Deals,
138,"MOTOROLA Edge 60 Fusion 5G (PANTONE Mykonos Blue, 256 GB)",4.4,"40,686 Ratings & 2,162 Reviews",12 GB RAM | 256 GB ROM | Expandable Upto 1 TB,16.94 cm (6.67 inch) Display,50MP + 13MP | 32MP Front Camera,5500 mAh Battery,Dimensity 7400 Processor,1 Year Warranty on Handset and 6 Months Warranty on Accessories,"₹22,999","₹27,999",17% off,Bank Offer,"₹17,850"
139,"POCO M7 5G (Mint Green, 128 GB)",4.2,"12,130 Ratings & 599 Reviews",8 GB RAM | 128 GB ROM | Expandable Upto 1 TB,17.48 cm (6.88 inch) HD+ Display,50MP Rear Camera | 8MP Front Camera,5160 mAh Battery,4 Gen 2 5G Processor,1 Year Manufacturer Warranty for Phone and 6 Months Warranty for In the Box Accessories,"₹9,999","₹13,999",28% off,Super Deals,"₹7,700"
140,"OnePlus Nord 5 (Phantom Grey, 256 GB)",4.5,966 Ratings & 64 Reviews,8 GB RAM | 256 GB ROM,17.35 cm (6.83 inch) Full HD+ AMOLED Display,50MP + 50MP + 8MP | 50MP Front Camera,6800 mAh Battery,Qualcomm® Snapdragon™ 8s Gen 3 Mobile Platform Processor,,"₹31,929","₹34,999",8% off,,"₹25,450"
141,Kechaoda K115,4.1,"42,460 Ratings & 2,682 Reviews",32 MB RAM | 32 MB ROM | Expandable Upto 32 GB,3.66 cm (1.44 inch) QVGA Display,0.3MP + 0MP | 0MP Front Camera,850 mAh Battery,NA Processor,1 Year Company Domestic Warranty by Company Authorized Service Center.,₹975,"₹1,499",34% off,Bank Offer,
142,"POCO C75 5G (Silver Stardust, 128 GB)",4.2,"1,29,220 Ratings & 5,807 Reviews",4 GB RAM | 128 GB ROM | Expandable Upto 1 TB,17.48 cm (6.88 inch) HD+ Display,50MP Rear Camera | 5MP Front Camera,5160 mAh Battery,4s Gen 2 5G Processor,1 Year Manufacturer Warranty for Phone and 6 Months Warranty for In the Box Accessories,"₹8,199","₹11,499",28% off,Super Deals,"₹6,250"
143,"Apple iPhone 14 (Midnight, 128 GB)",4.6,"3,19,964 Ratings & 11,877 Reviews",,15.49 cm (6.1 inch) Super Retina XDR Display,12MP + 12MP | 12MP Front Camera,,"A15 Bionic Chip, 6 Core Processor Processor",,"₹54,900",,,Bank Offer,"₹42,800"
144,"POCO M7 5G (Ocean Blue, 128 GB)",4.1,"58,019 Ratings & 2,740 Reviews",6 GB RAM | 128 GB ROM | Expandable Upto 1 TB,17.48 cm (6.88 inch) HD+ Display,50MP Rear Camera | 8MP Front Camera,5160 mAh Battery,4 Gen 2 5G Processor,1 Year Manufacturer Warranty for Phone and 6 Months Warranty for In the Box Accessories,"₹8,999","₹12,999",30% off,Super Deals,"₹6,900"
145,"POCO M7 Pro 5G (Lunar Dust, 128 GB)",4.3,"29,275 Ratings & 2,198 Reviews",6 GB RAM | 128 GB ROM,16.94 cm (6.67 inch) Full HD+ Display,50MP + 2MP | 20MP Front Camera,5110 mAh Battery,Dimensity 7025 Ultra Processor,1 Year Manufacturer Warranty for Phone and 6 Months Warranty for In the Box Accessories,"₹11,999","₹18,999",36% off,Super Deals,"₹9,300"
146,"REDMI 13 5G (Hawaiian Blue, 128 GB)",4.2,"13,467 Ratings & 727 Reviews",8 GB RAM | 128 GB ROM,17.25 cm (6.79 inch) Display,108MP Rear Camera,5030 mAh Battery,,Brand Warranty,"₹12,206","₹19,999",38% off,Super Deals,
147,"POCO M6 Plus 5G (Ice Silver, 128 GB)",4.2,"15,318 Ratings & 914 Reviews",8 GB RAM | 128 GB ROM | Expandable Upto 1 TB,17.25 cm (6.79 inch) Full HD+ Display,108MP + 2MP | 13MP Front Camera,5030 mAh Battery,Snapdragon 4 Gen2 AE Processor,1 Year Manufacturer Warranty for Phone and 6 Months Warranty for In the Box Accessories,"₹10,636","₹17,999",40% off,,"₹8,200"
148,"OPPO K13x 5G 6000mAh and 45W SUPERVOOC Charger & AI (Breeze Blue, 128 GB)",4.5,"69,788 Ratings & 5,424 Reviews",6 GB RAM | 128 GB ROM | Expandable Upto 2 TB,16.94 cm (6.67 inch) HD+ Display,50MP + 2MP | 8MP Front Camera,6000 mAh Battery,Dimensity 6300 Processor,1 Year Manufacturer Warranty for Device and 6 Months Manufacturer Warranty for Inbox Accessories,"₹12,999","₹16,999",23% off,Super Deals,"₹10,100"
149,"Samsung Galaxy A35 5G (Awesome Lilac, 256 GB)",4.4,"56,687 Ratings & 3,337 Reviews",8 GB RAM | 256 GB ROM | Expandable Upto 1 TB,16.76 cm (6.6 inch) Full HD+ Display,50MP + 8MP + 5MP | 13MP Front Camera,5000 mAh Battery,Exynos 1380 Processor,1 Year Manufacturer Warranty for Device and 6 Months for In-Box Accessories,"₹23,999","₹36,999",35% off,Bank Offer,"₹18,800"
150,"REDMI A4 5G only on Jio SIM (Sparkle Purple, 64 GB)",4.3,"11,155 Ratings & 479 Reviews",4 GB RAM | 64 GB ROM,17.48 cm (6.88 inch) Display,50MP Rear Camera,5160 mAh Battery,,,"₹7,999","₹10,999",27% off,Super Deals,
151,"Infinix Note 50s 5G+ (Marine Drift, 128 GB)",4.4,"7,376 Ratings & 479 Reviews",6 GB RAM | 128 GB ROM,17.22 cm (6.78 inch) Full HD+ Display,64MP + 2MP | 13MP Front Camera,5500 mAh Battery,Dimensity 7300 Ultimate Processor,1 Year Warranty for Handset and 6 Months Warranty for Accessories,"₹15,999","₹19,999",20% off,Bank Offer,"₹12,550"
152,"Samsung Galaxy S25 Plus 5G (Silver Shadow, 256 GB)",4.7,80 Ratings & 15 Reviews,12 GB RAM | 256 GB ROM,17.02 cm (6.7 inch) Quad HD+ Display,50MP + 10MP + 12MP | 12MP Front Camera,4900 mAh Battery,8 Elite for Galxy Processor,1 Year Manufacturer Warranty for Device and 6 Months for In-Box Accessories,"₹74,999","₹99,999",25% off,Super Deals,"₹55,250"
153,"REDMI A4 (Sparkle Purple, 128 GB)",4.3,"11,155 Ratings & 479 Reviews",4 GB RAM | 128 GB ROM,17.48 cm (6.88 inch) Display,50MP Rear Camera,5160 mAh Battery,,,"₹8,984","₹11,999",25% off,Bank Offer,
154,"MOTOROLA Edge 60 Pro (Pantone Walnut, 256 GB)",4.3,"11,819 Ratings & 999 Reviews",12 GB RAM | 256 GB ROM,17.02 cm (6.7 inch) Display,50MP + 50MP + 10MP | 50MP Front Camera,6000 mAh Battery,Dimensity 8350 Processor,1 Year Warranty on Handset and 6 Months Warranty on Accessories,"₹31,999","₹40,999",21% off,Super Deals,"₹25,450"
155,"POCO M7 Plus 5G (Carbon Black, 128 GB)",4.3,"3,794 Ratings & 212 Reviews",6 GB RAM | 128 GB ROM | Expandable Upto 2 TB,17.53 cm (6.9 inch) Display,50MP AI Dual Camera,7000 mAh Battery,Snapdragon 6s Gen 3 5G Processor,1 Year Manufacturer Warranty for Phone and 6 Months Warranty for In the Box Accessories,"₹12,999","₹16,999",23% off,Bank Offer,"₹10,100"
156,"POCO C71 (Power Black, 64 GB)",3.8,"46,431 Ratings & 2,129 Reviews",4 GB RAM | 64 GB ROM | Expandable Upto 2 TB,17.48 cm (6.88 inch) HD+ Display,32MP Rear Camera | 8MP Front Camera,5200 mAh Battery,Unisoc T7250 Max clock speed: 2 x A75@1.8GHz 6 x A55@1.6GHz Processor,1 Year Manufacturer Warranty for Phone and 6 Months Warranty for In the Box Accessories,"₹6,199","₹8,999",31% off,Super Deals,"₹4,600"
157,"Nothing Phone (3a) (Black, 256 GB)",4.5,"48,998 Ratings & 3,532 Reviews",8 GB RAM | 256 GB ROM,43.66 cm (17.19 cm) Full HD+ Display,50MP (Main) + 50MP (2X Tele Photo) + 8MP (Ultra-Wide) | 32MP Front Camera,5000 mAh Battery,7s Gen3 Processor,1 Year Manufacturing Warranty,"₹26,999","₹29,999",10% off,,"₹21,200"
158,Micromax X1i Smart,3.8,"2,782 Ratings & 165 Reviews",32 MB RAM | 32 MB ROM,6.1 cm (2.4 inch) Display,0.08MP Rear Camera,1200 mAh Battery,,One Year Manufacturer Warranty,₹948,"₹1,799",47% off,Super Deals,
159,"POCO C75 5G (Enchanted Green, 64 GB)",4.2,"1,29,220 Ratings & 5,807 Reviews",4 GB RAM | 64 GB ROM | Expandable Upto 1 TB,17.48 cm (6.88 inch) HD+ Display,50MP Rear Camera | 5MP Front Camera,5160 mAh Battery,4s Gen 2 5G Processor,1 Year Manufacturer Warranty for Phone and 6 Months Warranty for In the Box Accessories,"₹7,499","₹10,999",31% off,Super Deals,"₹5,650"
160,"Samsung M06 5G (Blazing Black, 128 GB)",4,690 Ratings & 48 Reviews,4 GB RAM | 128 GB ROM,17.02 cm (6.7 inch) Display,50MP Rear Camera,5000 mAh Battery,,1 Year Manufacturer Warranty for Phone and 6 Months Warranty for In the Box Accessories,"₹9,139","₹13,999",34% off,Super Deals,
161,"Google Pixel 10 (Obsidian, 256 GB)",4.5,828 Ratings & 63 Reviews,12 GB RAM | 256 GB ROM,16.0 cm (6.3 inch) Quad HD+ Display,48MP + 13MP + 10.8MP | 10.5MP Front Camera,4970 mAh Battery,Tensor G5 Processor,1 Year Domestic Warranty,"₹79,999",,,Bank Offer,"₹55,250"
162,LAVA A3 Torch,4.1,478 Ratings & 33 Reviews,24 MB RAM | 32 MB ROM | Expandable Upto 32 GB,4.57 cm (1.8 inch) HVGA Display,0.3MP + 0MP | 0MP Front Camera,1750 mAh Battery,Mtk Processor,,"₹1,339","₹1,649",18% off,Bank Offer,
163,"OnePlus 13R 5G (Nebula Noir, 256 GB)",4.5,"4,056 Ratings & 268 Reviews",12 GB RAM | 256 GB ROM,17.22 cm (6.78 inch) Display,50MP Rear Camera,6000 mAh Battery,,,"₹38,200","₹44,999",15% off,Super Deals,
164,Kechaoda K115,4.1,"42,460 Ratings & 2,682 Reviews",32 MB RAM | 32 MB ROM | Expandable Upto 32 GB,3.66 cm (1.44 inch) QVGA Display,0.3MP + 0MP | 0MP Front Camera,850 mAh Battery,NA Processor,,₹989,"₹1,499",34% off,Bank Offer,
165,"MOTOROLA G96 5G (Pantone Greener Pastures, 256 GB)",4.4,"66,020 Ratings & 3,322 Reviews",8 GB RAM | 256 GB ROM,16.94 cm (6.67 inch) Full HD+ Display,50MP + 8MP | 32MP Front Camera,5500 mAh Battery,7s Gen 2 Processor,1 Year Warranty on Handset and 6 Months Warranty on Accessories,"₹19,999","₹22,999",13% off,Bank Offer,"₹15,700"
166,"vivo Y19e (Majestic Green, 64 GB)",4.3,"2,833 Ratings & 96 Reviews",4 GB RAM | 64 GB ROM | Expandable Upto 2 TB,17.12 cm (6.74 inch) Display,13MP + 0.08MP | 5MP Front Camera,5500 mAh Battery,T7225 Processor,1 Year Warranty on the Product and 6 Months Warranty on the Accessories,"₹7,999","₹11,999",33% off,,
167,"MOTOROLA G96 5G (Pantone Cattleya Orchid, 256 GB)",4.4,"66,020 Ratings & 3,322 Reviews",8 GB RAM | 256 GB ROM,16.94 cm (6.67 inch) Full HD+ Display,50MP + 8MP | 32MP Front Camera,5500 mAh Battery,7s Gen 2 Processor,1 Year Warranty on Handset and 6 Months Warranty on Accessories,"₹19,999","₹22,999",13% off,Bank Offer,"₹15,700"
168,"OnePlus 13R 5g (Astral Trail, 256 GB)",4.5,"4,056 Ratings & 268 Reviews",12 GB RAM | 256 GB ROM,17.22 cm (6.78 inch) Display,50MP Rear Camera,6000 mAh Battery,,,"₹37,893","₹44,999",15% off,Super Deals,
169,"POCO M7 Pro 5G (Olive Twilight, 128 GB)",4.3,"29,275 Ratings & 2,198 Reviews",6 GB RAM | 128 GB ROM,16.94 cm (6.67 inch) Full HD+ Display,50MP + 2MP | 20MP Front Camera,5110 mAh Battery,Dimensity 7025 Ultra Processor,1 Year Manufacturer Warranty for Phone and 6 Months Warranty for In the Box Accessories,"₹11,999","₹18,999",36% off,Super Deals,"₹9,300"
170,"POCO F7 5G (Cyber Silver Edition, 512 GB)",4.4,"15,611 Ratings & 1,575 Reviews",12 GB RAM | 512 GB ROM,17.35 cm (6.83 inch) Display,50MP Rear Camera | 20MP Front Camera,7550 mAh Li-Polymer + Silicon Carbon Battery,8s Gen 4 Processor,1 Year Manufacturer Warranty for Phone and 6 Months Warranty for In the Box Accessories,"₹32,999","₹37,999",13% off,Super Deals,"₹26,200"
171,LAVA Hero Shakti 2025,4.1,178 Ratings & 5 Reviews,4 MB RAM | 32 GB ROM | Expandable Upto 32 GB,4.57 cm (1.8 inch) HQVGA Display,0MP | 0MP Front Camera,800 mAh Battery,Mtk Processor,Brand Warranty of 1 Year Available for Mobile and 6 Months for Battery and Accessories,₹919,"₹1,199",23% off,Bank Offer,
172,"vivo T4R 5G (Arctic White, 256 GB)",4.5,"40,856 Ratings & 1,806 Reviews",8 GB RAM | 256 GB ROM,17.2 cm (6.77 inch) Display,50MP (OIS) + 2MP | 32MP Front Camera,5700 mAh Battery,Dimensity 7400 5G Processor,1 Year Manufacturer Warranty for Device and 6 Months Manufacturer Warranty for Inbox Accessories,"₹21,499","₹24,999",14% off,,"₹16,650"
173,"Apple iPhone 16 Plus (Black, 256 GB)",4.6,"3,922 Ratings & 208 Reviews",,17.02 cm (6.7 inch) Super Retina XDR Display,48MP + 12MP | 12MP Front Camera,,"A18 Chip, 6 Core Processor Processor",,"₹86,999","₹89,900",3% off,,"₹55,250"
174,"Samsung Galaxy A16 5G (Blue Black, 128 GB)",4.2,"3,644 Ratings & 161 Reviews",6 GB RAM | 128 GB ROM,17.02 cm (6.7 inch) Full HD+ Display,50MP + 5MP + 2MP | 13MP Front Camera,5000 mAh Battery,Dimensity 6300 Processor,1 Year Manufacturer Warranty for Device and 6 Months for Inbox Accessories,"₹13,808","₹19,999",30% off,Super Deals,
175,LAVA A2 Smart,4,96 Ratings & 5 Reviews,4 MB RAM | 24 MB ROM | Expandable Upto 32 GB,6.1 cm (2.4 inch) HVGA Display,1.3MP + 0MP | 0MP Front Camera,1200 mAh Battery,Mtk Processor,,"₹1,299","₹1,549",16% off,Super Deals,
176,"Ai+ Pulse (Pink, 64 GB)",4.3,"34,161 Ratings & 2,128 Reviews",4 GB RAM | 64 GB ROM | Expandable Upto 1 TB,17.13 cm (6.745 inch) HD+ Display,50MP Rear Camera | 5MP Front Camera,5000 mAh Battery,T615 Processor,1 Year Warranty on Handset and 6 Months Warranty on the Inbox Accessories,"₹5,999","₹7,999",25% off,Bank Offer,"₹4,450"
177,Kechaoda K115,4.1,"42,460 Ratings & 2,682 Reviews",32 MB RAM | 32 MB ROM,3.66 cm (1.44 inch) QVGA Display,0.3MP Rear Camera,850 mAh Battery,,1 Year Company Domestic Warranty by Company Authorized Service Center.,₹974,"₹1,499",35% off,Bank Offer,
178,"vivo T4R 5G (Twilight Blue, 128 GB)",4.5,"40,856 Ratings & 1,806 Reviews",8 GB RAM | 128 GB ROM,17.2 cm (6.77 inch) Display,50MP (OIS) + 2MP | 32MP Front Camera,5700 mAh Battery,Dimensity 7400 5G Processor,1 Year Manufacturer Warranty for Device and 6 Months Manufacturer Warranty for Inbox Accessories,"₹19,499","₹23,499",17% off,,"₹14,800"
179,"realme 15x 5G (Maroon Red, 128 GB)",4.3,"1,730 Ratings & 124 Reviews",8 GB RAM | 128 GB ROM | Expandable Upto 2 TB,17.27 cm (6.8 inch) Display,50MP Rear Camera | 50MP Front Camera,7000 mAh Battery,Dimensity 6300 6nm Octa-core chipset Processor,1 Year Manufacturer Warranty for Device and 6 Months Manufacturer Warranty for Inbox Accessories,"₹18,999","₹19,999",5% off,Bank Offer,"₹14,800"
180,"Apple iPhone 16 Pro (Natural Titanium, 128 GB)",4.7,"26,630 Ratings & 1,151 Reviews",,16.0 cm (6.3 inch) Super Retina XDR Display,48MP + 48MP + 12MP | 12MP Front Camera,,"A18 Pro Chip, 6 Core Processor Processor",,"₹1,09,900",,,,"₹55,250"
181,Nokia 106,3.6,"9,037 Ratings & 522 Reviews",32 MB RAM | 32 MB ROM,17.02 cm (6.7 inch) Display,,1000 mAh Battery,SC6531E Processor,,"₹1,348","₹1,699",20% off,Bank Offer,
182,"POCO M7 Plus 5G (Chrome Silver, 128 GB)",4.3,"2,254 Ratings & 130 Reviews",8 GB RAM | 128 GB ROM | Expandable Upto 2 TB,17.53 cm (6.9 inch) Display,50MP AI Dual Camera,7000 mAh Battery,Snapdragon 6s Gen 3 5G Processor,1 Year Manufacturer Warranty for Phone and 6 Months Warranty for In the Box Accessories,"₹13,999","₹17,999",22% off,Bank Offer,"₹11,000"
183,"realme P4 5G (Steel Grey, 128 GB)",4.4,"14,450 Ratings & 924 Reviews",6 GB RAM | 128 GB ROM,17.2 cm (6.77 inch) Display,50MP + 8MP | 16MP Front Camera,7000 mAh Battery,Mediatek Dimensity 7400 Processor,1 Year Manufacturer Warranty for Device and 6 Months Manufacturer Warranty for Inbox Accessories,"₹16,999","₹20,999",19% off,,"₹13,400"
184,"POCO M7 Plus 5G (Chrome Silver, 128 GB)",4.3,"3,794 Ratings & 212 Reviews",6 GB RAM | 128 GB ROM | Expandable Upto 2 TB,17.53 cm (6.9 inch) Display,50MP AI Dual Camera,7000 mAh Battery,Snapdragon 6s Gen 3 5G Processor,1 Year Manufacturer Warranty for Phone and 6 Months Warranty for In the Box Accessories,"₹12,999","₹16,999",23% off,Bank Offer,"₹10,100"
185,"vivo T4R 5G (Arctic White, 128 GB)",4.5,"40,856 Ratings & 1,806 Reviews",8 GB RAM | 128 GB ROM,17.2 cm (6.77 inch) Display,50MP (OIS) + 2MP | 32MP Front Camera,5700 mAh Battery,Dimensity 7400 5G Processor,1 Year Manufacturer Warranty for Device and 6 Months Manufacturer Warranty for Inbox Accessories,"₹19,499","₹23,499",17% off,,
186,"Samsung Galaxy S24 5G Snapdragon (Amber Yellow, 256 GB)",4.6,"40,708 Ratings & 2,259 Reviews",8 GB RAM | 256 GB ROM,15.75 cm (6.2 inch) Full HD+ Display,50MP + 12MP | 12MP Front Camera,4000 mAh Battery,8 Gen 3 Processor,1 Year Manufacturer Warranty for Device and 6 Months for In-Box Accessories,"₹52,999","₹79,999",33% off,Super Deals,"₹42,600"
187,"MOTOROLA G96 5G (Pantone Dresden Blue, 256 GB)",4.4,"66,020 Ratings & 3,322 Reviews",8 GB RAM | 256 GB ROM,16.94 cm (6.67 inch) Full HD+ Display,50MP + 8MP | 32MP Front Camera,5500 mAh Battery,7s Gen 2 Processor,1 Year Warranty on Handset and 6 Months Warranty on Accessories,"₹19,999","₹22,999",13% off,Bank Offer,"₹15,700"
188,"Motorola Edge 50 Fusion (Forest Green, 128 GB)",4.4,"1,38,257 Ratings & 8,782 Reviews",8 GB RAM | 128 GB ROM,17.02 cm (6.7 inch) Full HD+ Display,50MP + 13MP | 32MP Front Camera,5000 mAh Battery,7s Gen 2 Processor,,"₹18,999","₹25,999",26% off,Bank Offer,"₹14,800"
189,"realme P4 5G (Forge Red, 128 GB)",4.4,"14,450 Ratings & 924 Reviews",6 GB RAM | 128 GB ROM,17.2 cm (6.77 inch) Display,50MP + 8MP | 16MP Front Camera,7000 mAh Battery,Mediatek Dimensity 7400 Processor,1 Year Manufacturer Warranty for Device and 6 Months Manufacturer Warranty for Inbox Accessories,"₹16,999","₹20,999",19% off,,
190,LAVA Hero Shakti 2025,4.1,178 Ratings & 5 Reviews,4 MB RAM | 32 GB ROM | Expandable Upto 32 GB,4.57 cm (1.8 inch) HQVGA Display,0MP | 0MP Front Camera,800 mAh Battery,Mtk Processor,Brand Warranty of 1 Year Available for Mobile and 6 Months for Battery and Accessories,₹909,"₹1,199",24% off,Bank Offer,
191,itel it5330 | 2.8 inch Big Display | 1900 mAh Battery | Kingvoice,4.1,"23,720 Ratings & 1,386 Reviews",32 MB RAM | 32 MB ROM | Expandable Upto 32 GB,7.11 cm (2.8 inch) Quarter QVGA Display,0.8MP + 0MP | 0MP Front Camera,1900 mAh Battery,Unisoc Processor,,"₹1,349","₹1,799",25% off,Bank Offer,
192,"vivo T4R 5G (Arctic White, 256 GB)",4.4,"3,668 Ratings & 181 Reviews",12 GB RAM | 256 GB ROM,17.2 cm (6.77 inch) Display,50MP (OIS) + 2MP | 32MP Front Camera,5700 mAh Battery,Dimensity 7400 5G Processor,1 Year Manufacturer Warranty for Device and 6 Months Manufacturer Warranty for Inbox Accessories,"₹23,499","₹26,999",12% off,,"₹18,650"
193,"vivo T4R 5G (Twilight Blue, 256 GB)",4.5,"40,856 Ratings & 1,806 Reviews",8 GB RAM | 256 GB ROM,17.2 cm (6.77 inch) Display,50MP (OIS) + 2MP | 32MP Front Camera,5700 mAh Battery,Dimensity 7400 5G Processor,1 Year Manufacturer Warranty for Device and 6 Months Manufacturer Warranty for Inbox Accessories,"₹21,499","₹24,999",14% off,,"₹16,650"
194,"POCO X7 Pro 5G (Yellow, 256 GB)",4.3,"14,236 Ratings & 1,557 Reviews",8 GB RAM | 256 GB ROM,16.94 cm (6.67 inch) Display,50MP + 8MP | 20MP Front Camera,6550 mAh Battery,Dimensity D8400 Ultra Processor,1 Year Manufacturer Warranty for Phone and 6 Months Warranty for In the Box Accessories,"₹21,999","₹31,999",31% off,Bank Offer,"₹17,400"
195,"POCO X7 Pro 5G (Nebula Green, 256 GB)",4.3,"14,236 Ratings & 1,557 Reviews",8 GB RAM | 256 GB ROM,16.94 cm (6.67 inch) Display,50MP + 8MP | 20MP Front Camera,6550 mAh Battery,Dimensity D8400 Ultra Processor,1 Year Manufacturer Warranty for Phone and 6 Months Warranty for In the Box Accessories,"₹21,999","₹31,999",31% off,Super Deals,"₹17,400"
196,"Ai+ Pulse (Black, 64 GB)",4.3,"34,161 Ratings & 2,128 Reviews",4 GB RAM | 64 GB ROM | Expandable Upto 1 TB,17.13 cm (6.745 inch) HD+ Display,50MP Rear Camera | 5MP Front Camera,5000 mAh Battery,T615 Processor,1 Year Warranty on Handset and 6 Months Warranty on the Inbox Accessories,"₹5,999","₹7,999",25% off,Bank Offer,"₹4,450"
197,"realme 15x 5G (Marine Blue, 128 GB)",4.4,"2,130 Ratings & 167 Reviews",6 GB RAM | 128 GB ROM | Expandable Upto 2 TB,17.27 cm (6.8 inch) Display,50MP Rear Camera | 50MP Front Camera,7000 mAh Battery,Dimensity 6300 6nm Octa-core chipset Processor,1 Year Manufacturer Warranty for Device and 6 Months Manufacturer Warranty for Inbox Accessories,"₹17,499","₹18,999",7% off,Bank Offer,"₹13,800"
198,"realme 15x 5G (Aqua Blue, 128 GB)",4.4,"2,130 Ratings & 167 Reviews",6 GB RAM | 128 GB ROM | Expandable Upto 2 TB,17.27 cm (6.8 inch) Display,50MP Rear Camera | 50MP Front Camera,7000 mAh Battery,Dimensity 6300 6nm Octa-core chipset Processor,1 Year Manufacturer Warranty for Device and 6 Months Manufacturer Warranty for Inbox Accessories,"₹17,499","₹18,999",7% off,Bank Offer,"₹13,800"
199,"realme P4 5G (Engine Blue, 128 GB)",4.4,"14,450 Ratings & 924 Reviews",6 GB RAM | 128 GB ROM,17.2 cm (6.77 inch) Display,50MP + 8MP | 16MP Front Camera,7000 mAh Battery,Mediatek Dimensity 7400 Processor,1 Year Manufacturer Warranty for Device and 6 Months Manufacturer Warranty for Inbox Accessories,"₹16,999","₹20,999",19% off,,"₹13,400"
200,"POCO M6 Plus 5G (Misty Lavender, 128 GB)",4.2,"15,318 Ratings & 914 Reviews",8 GB RAM | 128 GB ROM | Expandable Upto 1 TB,17.25 cm (6.79 inch) Full HD+ Display,108MP + 2MP | 13MP Front Camera,5030 mAh Battery,Snapdragon 4 Gen2 AE Processor,1 Year Manufacturer Warranty for Phone and 6 Months Warranty for In the Box Accessories,"₹10,899","₹17,999",39% off,Bank Offer,"₹8,450"
201,LAVA A1 Josh BOL,4,"22,410 Ratings & 985 Reviews",4 MB RAM | 4 MB ROM | Expandable Upto 32 GB,4.5 cm (1.77 inch) Quarter QVGA Display,,1000 mAh Battery,,,₹996,"₹1,399",28% off,Bank Offer,
202,"MOTOROLA Edge 60 Pro (Pantone Sparkling Grape, 256 GB)",4.3,"11,819 Ratings & 999 Reviews",12 GB RAM | 256 GB ROM,17.02 cm (6.7 inch) Display,50MP + 50MP + 10MP | 50MP Front Camera,6000 mAh Battery,Dimensity 8350 Processor,1 Year Warranty on Handset and 6 Months Warranty on Accessories,"₹31,999","₹40,999",21% off,Super Deals,"₹25,450"
203,"realme 15x 5G (Maroon Red, 128 GB)",4.4,"2,130 Ratings & 167 Reviews",6 GB RAM | 128 GB ROM | Expandable Upto 2 TB,17.27 cm (6.8 inch) Display,50MP Rear Camera | 50MP Front Camera,7000 mAh Battery,Dimensity 6300 6nm Octa-core chipset Processor,1 Year Manufacturer Warranty for Device and 6 Months Manufacturer Warranty for Inbox Accessories,"₹17,499","₹18,999",7% off,Bank Offer,"₹13,800"
204,"IQOO Z10X 5G (Ultramarine, 128 GB)",4.4,"3,856 Ratings & 189 Reviews",8 GB RAM | 128 GB ROM,17.02 cm (6.7 inch) Display,50MP Rear Camera,6500 mAh Battery,,,"₹14,798","₹18,999",22% off,Super Deals,
205,"Samsung Galaxy S24 5G Snapdragon (Cobalt Violet, 128 GB)",4.6,"40,708 Ratings & 2,259 Reviews",8 GB RAM | 128 GB ROM,15.75 cm (6.2 inch) Full HD+ Display,50MP + 12MP | 12MP Front Camera,4000 mAh Battery,8 Gen 3 Processor,1 Year Manufacturer Warranty for Device and 6 Months for In-Box Accessories,"₹47,999","₹74,999",36% off,Super Deals,"₹38,000"
206,"MOTOROLA Edge 60 Stylus (PANTONE Gibraltar Sea, 256 GB)",4.3,"12,096 Ratings & 923 Reviews",8 GB RAM | 256 GB ROM | Expandable Upto 1 TB,16.94 cm (6.67 inch) Display,50MP + 13MP | 32MP Front Camera,5000 mAh Battery,7s Gen 2 Mobile Processor Processor,1 Year Warranty on Handset and 6 Months Warranty on Accessories,"₹20,999","₹28,999",27% off,Super Deals,"₹16,650"
207,"MOTOROLA Edge 60 Fusion 5G (PANTONE Amazonite, 256 GB)",4.4,"40,686 Ratings & 2,162 Reviews",12 GB RAM | 256 GB ROM | Expandable Upto 1 TB,16.94 cm (6.67 inch) Display,50MP + 13MP | 32MP Front Camera,5500 mAh Battery,Dimensity 7400 Processor,1 Year Warranty on Handset and 6 Months Warranty on Accessories,"₹22,999","₹27,999",17% off,Super Deals,"₹17,850"
208,"Samsung Galaxy S24 5G Snapdragon (Onyx Black, 256 GB)",4.6,"40,708 Ratings & 2,259 Reviews",8 GB RAM | 256 GB ROM,15.75 cm (6.2 inch) Full HD+ Display,50MP + 12MP | 12MP Front Camera,4000 mAh Battery,8 Gen 3 Processor,1 Year Manufacturer Warranty for Device and 6 Months for In-Box Accessories,"₹52,999","₹79,999",33% off,Super Deals,"₹42,600"
209,"Apple iPhone 16 Pro (Desert Titanium, 128 GB)",4.7,"26,630 Ratings & 1,151 Reviews",,16.0 cm (6.3 inch) Super Retina XDR Display,48MP + 48MP + 12MP | 12MP Front Camera,,"A18 Pro Chip, 6 Core Processor Processor",,"₹1,09,900",,,,"₹55,250"
210,"POCO C71 (Desert Gold, 64 GB)",3.8,"46,431 Ratings & 2,129 Reviews",4 GB RAM | 64 GB ROM | Expandable Upto 2 TB,17.48 cm (6.88 inch) HD+ Display,32MP Rear Camera | 8MP Front Camera,5200 mAh Battery,Unisoc T7250 Max clock speed: 2 x A75@1.8GHz 6 x A55@1.6GHz Processor,1 Year Manufacturer Warranty for Phone and 6 Months Warranty for In the Box Accessories,"₹6,199","₹8,999",31% off,Super Deals,"₹4,600"
211,LAVA A3 Torch,4.1,478 Ratings & 33 Reviews,24 MB RAM | 32 MB ROM | Expandable Upto 32 GB,4.57 cm (1.8 inch) HVGA Display,0.3MP + 0MP | 0MP Front Camera,1750 mAh Battery,Mtk Processor,,"₹1,339","₹1,649",18% off,Bank Offer,
212,"POCO M7 5G (Satin Black, 128 GB)",4.2,"12,130 Ratings & 599 Reviews",8 GB RAM | 128 GB ROM | Expandable Upto 1 TB,17.48 cm (6.88 inch) HD+ Display,50MP Rear Camera | 8MP Front Camera,5160 mAh Battery,4 Gen 2 5G Processor,1 Year Manufacturer Warranty for Phone and 6 Months Warranty for In the Box Accessories,"₹9,999","₹13,999",28% off,Super Deals,"₹7,700"
213,Kechaoda K115,4.1,"42,460 Ratings & 2,682 Reviews",32 MB RAM | 32 MB ROM | Expandable Upto 32 GB,3.66 cm (1.44 inch) QVGA Display,0.3MP + 0MP | 0MP Front Camera,850 mAh Battery,NA Processor,1 Month Company Domestic Warranty by Company Authorized Service Center.,₹989,"₹1,499",34% off,Bank Offer,
214,"Google Pixel 8a (Bay, 128 GB)",4.3,"10,597 Ratings & 822 Reviews",8 GB RAM | 128 GB ROM,15.49 cm (6.1 inch) Full HD+ Display,64MP + 13MP | 13MP Front Camera,4404 mAh Battery,Tensor G3 Processor,1 Year Domestic Warranty,"₹34,999","₹52,999",33% off,Super Deals,"₹26,900"
215,"OnePlus Nord CE5 5G (Nexus Blue, 128 GB)",4.5,"4,706 Ratings & 266 Reviews",8 GB RAM | 128 GB ROM,17.2 cm (6.77 inch) Display,50MP Rear Camera,7100 mAh Battery,,1 Year Warranty,"₹24,780","₹24,999",,,"₹19,600"
216,"Ai+ Pulse (Sparkle Red, 64 GB)",4.3,"34,161 Ratings & 2,128 Reviews",4 GB RAM | 64 GB ROM | Expandable Upto 1 TB,17.13 cm (6.745 inch) HD+ Display,50MP Rear Camera | 5MP Front Camera,5000 mAh Battery,T615 Processor,1 Year Warranty on Handset and 6 Months Warranty on the Inbox Accessories,"₹5,999","₹7,999",25% off,Bank Offer,
217,Kechaoda K115,4.1,"42,460 Ratings & 2,682 Reviews",32 MB RAM | 32 MB ROM | Expandable Upto 32 GB,3.66 cm (1.44 inch) QVGA Display,0.3MP + 0.5MP | 0MP Front Camera,850 mAh Battery,NA Processor,1 Year Company Domestic Warranty by Company Authorized Service Center.,₹989,"₹1,499",34% off,Bank Offer,
218,"Google Pixel 10 (Lemongrass, 256 GB)",4.5,828 Ratings & 63 Reviews,12 GB RAM | 256 GB ROM,16.0 cm (6.3 inch) Quad HD+ Display,48MP + 13MP + 10.8MP | 10.5MP Front Camera,4970 mAh Battery,Tensor G5 Processor,1 Year Domestic Warranty,"₹79,999",,,Bank Offer,"₹55,250"
219,"IQOO Z10 Lite 5G (Cyber Green, 128 GB)",4.2,"1,536 Ratings & 63 Reviews",4 GB RAM | 128 GB ROM,17.12 cm (6.74 inch) Display,50MP Rear Camera,6000 mAh Battery,,1 Year Warranty,"₹10,474","₹13,999",25% off,,"₹8,000"
220,Kechaoda K115,4.1,"42,460 Ratings & 2,682 Reviews",32 MB RAM | 32 MB ROM | Expandable Upto 32 GB,3.66 cm (1.44 inch) QVGA Display,0.3MP + 0MP | 0MP Front Camera,850 mAh Battery,NA Processor,,₹998,"₹1,499",33% off,Bank Offer,
221,"POCO M7 Plus 5G (Carbon Black, 128 GB)",4.3,"2,254 Ratings & 130 Reviews",8 GB RAM | 128 GB ROM | Expandable Upto 2 TB,17.53 cm (6.9 inch) Display,50MP AI Dual Camera,7000 mAh Battery,Snapdragon 6s Gen 3 5G Processor,1 Year Manufacturer Warranty for Phone and 6 Months Warranty for In the Box Accessories,"₹13,999","₹17,999",22% off,,"₹11,000"
222,"realme P3 Lite 5G Charger in the Box (Lily White, 128 GB)",4.4,"6,513 Ratings & 248 Reviews",6 GB RAM | 128 GB ROM | Expandable Upto 2 TB,16.94 cm (6.67 inch) Display,32MP Rear Camera | 8MP Front Camera,6000 mAh Battery,Dimensity 6300 Processor,1 Year Manufacturer Warranty for Device and 6 Months Manufacturer Warranty for Inbox Accessories,"₹11,499","₹13,999",17% off,,"₹8,950"
223,"IQOO Z10X 5G (Ultramarine, 128 GB)",4.4,"6,981 Ratings & 370 Reviews",6 GB RAM | 128 GB ROM,17.02 cm (6.7 inch) Display,50MP Rear Camera,6500 mAh Battery,,,"₹14,290","₹17,499",18% off,Bank Offer,"₹11,050"
224,"MOTOROLA G86 Power 5G (Pantone Spellbound, 128 GB)",4.3,"20,257 Ratings & 1,319 Reviews",8 GB RAM | 128 GB ROM | Expandable Upto 1 TB,17.02 cm (6.7 inch) Super HD Display,50MP + 8MP | 32MP Front Camera,6720 mAh Battery,Dimensity 7400 Processor,1 Year Warranty on Handset and 6 Months Warranty on Accessories,"₹17,999","₹19,999",10% off,Bank Offer,"₹14,050"
225,"Nothing Phone (3a) (Blue, 256 GB)",4.5,"48,998 Ratings & 3,532 Reviews",8 GB RAM | 256 GB ROM,43.66 cm (17.19 cm) Full HD+ Display,50MP (Main) + 50MP (2X Tele Photo) + 8MP (Ultra-Wide) | 32MP Front Camera,5000 mAh Battery,7s Gen3 Processor,1 Year Manufacturing Warranty,"₹26,999","₹29,999",10% off,Bank Offer,"₹21,200"
226,Kechaoda K115,4.1,"42,460 Ratings & 2,682 Reviews",32 MB RAM | 32 MB ROM | Expandable Upto 32 GB,3.66 cm (1.44 inch) QVGA Display,0.3MP + 0MP | 0MP Front Camera,850 mAh Battery,NA Processor,1 Year Company Domestic Warranty by Company Authorized Service Center.,₹988,"₹1,499",34% off,Bank Offer,
227,Kechaoda K115,4.1,"42,460 Ratings & 2,682 Reviews",32 MB RAM | 32 MB ROM | Expandable Upto 32 GB,3.66 cm (1.44 inch) QVGA Display,0.3MP + 0MP | 0MP Front Camera,850 mAh Battery,NA Processor,1 Year Company Domestic Warranty by Company Authorized Service Center.,₹978,"₹1,499",34% off,Bank Offer,
228,"Samsung Galaxy S24 5G Snapdragon (Cobalt Violet, 256 GB)",4.6,"40,708 Ratings & 2,259 Reviews",8 GB RAM | 256 GB ROM,15.75 cm (6.2 inch) Full HD+ Display,50MP + 12MP | 12MP Front Camera,4000 mAh Battery,8 Gen 3 Processor,1 Year Manufacturer Warranty for Device and 6 Months for In-Box Accessories,"₹52,999","₹79,999",33% off,Bank Offer,"₹42,600"
229,"realme P3 Lite 5G Charger in the Box (Purple Blossom, 128 GB)",4.4,"4,548 Ratings & 182 Reviews",4 GB RAM | 128 GB ROM | Expandable Upto 2 TB,16.94 cm (6.67 inch) Display,32MP Rear Camera | 8MP Front Camera,6000 mAh Battery,Dimensity 6300 Processor,1 Year Manufacturer Warranty for Device and 6 Months Manufacturer Warranty for Inbox Accessories,"₹10,499","₹12,999",19% off,,"₹8,000"
230,"MOTOROLA Edge 60 Stylus (PANTONE Surf the Web, 256 GB)",4.3,"12,096 Ratings & 923 Reviews",8 GB RAM | 256 GB ROM | Expandable Upto 1 TB,16.94 cm (6.67 inch) Display,50MP + 13MP | 32MP Front Camera,5000 mAh Battery,7s Gen 2 Mobile Processor Processor,1 Year Warranty on Handset and 6 Months Warranty on Accessories,"₹20,999","₹28,999",27% off,Super Deals,"₹16,650"
231,"OnePlus Nord CE5 5G (Black Infinity, 256 GB)",4.5,"4,706 Ratings & 266 Reviews",8 GB RAM | 256 GB ROM,17.2 cm (6.77 inch) Display,50MP Rear Camera,7100 mAh Battery,,1 Year Warranty,"₹26,821","₹26,999",,,"₹21,200"
232,"OnePlus Nord CE5 5G (Marble Mist, 256 GB)",4.5,"4,706 Ratings & 266 Reviews",8 GB RAM | 256 GB ROM,17.2 cm (6.77 inch) Display,50MP Rear Camera,7100 mAh Battery,,1 Year Warranty,"₹26,810","₹26,999",,,"₹21,200"
233,"Samsung Galaxy S24 5G Snapdragon (Amber Yellow, 128 GB)",4.6,"40,708 Ratings & 2,259 Reviews",8 GB RAM | 128 GB ROM,15.75 cm (6.2 inch) Full HD+ Display,50MP + 12MP | 12MP Front Camera,4000 mAh Battery,8 Gen 3 Processor,1 Year Manufacturer Warranty for Device and 6 Months for In-Box Accessories,"₹47,999","₹74,999",36% off,Super Deals,"₹38,000"
234,"Ai+ Pulse (Green, 64 GB)",4.3,"34,161 Ratings & 2,128 Reviews",4 GB RAM | 64 GB ROM | Expandable Upto 1 TB,17.13 cm (6.745 inch) HD+ Display,50MP Rear Camera | 5MP Front Camera,5000 mAh Battery,T615 Processor,1 Year Warranty on Handset and 6 Months Warranty on the Inbox Accessories,"₹5,999","₹7,999",25% off,,"₹4,450"
235,Jio F320B,3.7,"5,312 Ratings & 302 Reviews",512 MB RAM | 4 GB ROM,6.1 cm (2.4 inch) Display,0.3MP Rear Camera,1500 mAh Battery,,,"₹1,728","₹2,499",30% off,Bank Offer,
236,"OnePlus Nord CE5 5G (Nexus Blue, 256 GB)",4.5,"4,706 Ratings & 266 Reviews",8 GB RAM | 256 GB ROM,17.2 cm (6.77 inch) Display,50MP Rear Camera,7100 mAh Battery,,1 Year Warranty,"₹26,863","₹26,999",,,"₹21,200"
237,"OnePlus Nord CE5 5G (Black Infinity, 128 GB)",4.5,"4,706 Ratings & 266 Reviews",8 GB RAM | 128 GB ROM,17.2 cm (6.77 inch) Display,50MP Rear Camera,7100 mAh Battery,,1 Year Warranty,"₹25,499","₹26,999",5% off,,"₹19,600"
238,"IQOO Z10X 5G (Titanium, 256 GB)",4.4,"3,856 Ratings & 189 Reviews",8 GB RAM | 256 GB ROM,17.02 cm (6.7 inch) Display,50MP Rear Camera,6500 mAh Battery,,1 Year Warranty on Handset and 6 Months Warranty on Accessories,"₹17,289","₹20,499",15% off,,"₹13,650"
239,Kechaoda K33,4,"11,019 Ratings & 621 Reviews",32 MB RAM | 32 GB ROM | Expandable Upto 32 MB,3.66 cm (1.44 inch) NA Display,0.3MP + 0MP | 0MP Front Camera,800 mAh Battery,NA Processor,1 Year Manufacturer Warranty,₹977,"₹2,200",55% off,,
240,Kechaoda K33,4,"11,019 Ratings & 621 Reviews",32 MB RAM | 32 GB ROM | Expandable Upto 32 MB,3.66 cm (1.44 inch) NA Display,0.3MP + 0MP | 0MP Front Camera,800 mAh Battery,NA Processor,1 Year Manufacturer Warranty,₹977,"₹2,200",55% off,Bank Offer,
241,"OnePlus Nord CE5 5G (Nexus Blue, 256 GB)",4.5,"4,706 Ratings & 266 Reviews",8 GB RAM | 256 GB ROM,17.2 cm (6.77 inch) Display,50MP Rear Camera,7100 mAh Battery,,1 Year Warranty,"₹26,864","₹26,999",,Bank Offer,"₹21,200"
242,"IQOO Z10X 5G (Titanium, 256 GB)",4.4,"3,856 Ratings & 189 Reviews",8 GB RAM | 256 GB ROM,17.02 cm (6.7 inch) Display,50MP Rear Camera,6500 mAh Battery,,1 Year Warranty on Handset and 6 Months Warranty on Accessories,"₹17,289","₹20,499",15% off,Bank Offer,"₹13,650"
243,Jio F320B,3.7,"5,312 Ratings & 302 Reviews",512 MB RAM | 4 GB ROM,6.1 cm (2.4 inch) Display,0.3MP Rear Camera,1500 mAh Battery,,,"₹1,728","₹2,499",30% off,Bank Offer,
244,Jio JioBharat V4 Keypad Phone,3.7,702 Ratings & 42 Reviews,512 MB RAM | 4 GB ROM,4.32 cm (1.7 inch) HD Display,0.3MP Rear Camera,1000 mAh Battery,,,₹799,"₹1,899",57% off,Bank Offer,
245,"realme P4 5G (Engine Blue, 128 GB)",4.4,"9,710 Ratings & 687 Reviews",8 GB RAM | 128 GB ROM,17.2 cm (6.77 inch) Display,50MP + 8MP | 16MP Front Camera,7000 mAh Battery,Mediatek Dimensity 7400 Processor,1 Year Manufacturer Warranty for Device and 6 Months Manufacturer Warranty for Inbox Accessories,"₹17,999","₹21,999",18% off,,"₹14,050"
246,Kechaoda K33,4,"11,019 Ratings & 621 Reviews",32 MB RAM | 32 GB ROM | Expandable Upto 32 MB,3.66 cm (1.44 inch) NA Display,0.3MP + 0MP | 0MP Front Camera,800 mAh Battery,NA Processor,1 Year Manufacturer Warranty,₹998,"₹2,200",54% off,Bank Offer,
247,"MOTOROLA Edge 60 Pro (Pantone Shadow, 512 GB)",4.3,"1,825 Ratings & 138 Reviews",16 GB RAM | 512 GB ROM,17.02 cm (6.7 inch) Display,50MP + 50MP + 10MP | 50MP Front Camera,6000 mAh Battery,Dimensity 8350 Processor,1 Year Warranty on Handset and 6 Months Warranty on Accessories,"₹35,999","₹42,999",16% off,Super Deals,"₹28,450"
248,"IQOO Z10 Lite 5G (Titanium Blue, 128 GB)",4.2,"1,536 Ratings & 63 Reviews",4 GB RAM | 128 GB ROM,17.12 cm (6.74 inch) Display,50MP Rear Camera,6000 mAh Battery,,1 Year Warranty,"₹10,429","₹13,999",25% off,Bank Offer,"₹8,000"
249,"Apple iPhone 14 (Blue, 128 GB)",4.6,"3,19,964 Ratings & 11,877 Reviews",,15.49 cm (6.1 inch) Super Retina XDR Display,12MP + 12MP | 12MP Front Camera,,"A15 Bionic Chip, 6 Core Processor Processor",,"₹54,900",,,Bank Offer,"₹42,800"
250,"POCO X7 5G (Yellow, 256 GB)",4.3,"25,414 Ratings & 1,964 Reviews",8 GB RAM | 256 GB ROM,16.94 cm (6.67 inch) Display,50MP + 8MP + 2MP | 20MP Front Camera,5500 mAh Battery,Dimensity 7300 Ultra Processor,1 Year Manufacturer Warranty for Phone and 6 Months Warranty for In the Box Accessories,"₹17,999","₹27,999",35% off,Super Deals,"₹14,050"
251,"Samsung M06 5G (Blazing Black, 128 GB)",3.9,477 Ratings & 30 Reviews,6 GB RAM | 128 GB ROM,17.02 cm (6.7 inch) Display,50MP Rear Camera,5000 mAh Battery,,1 Year Manufacturer Warranty for Phone and 6 Months Warranty for In the Box Accessories,"₹10,789","₹15,499",30% off,Bank Offer,"₹8,350"
252,"Motorola G85 5G (Viva Magenta, 128 GB)",4.4,"2,50,584 Ratings & 12,456 Reviews",8 GB RAM | 128 GB ROM,16.94 cm (6.67 inch) Full HD+ Display,50MP + 8MP | 32MP Front Camera,5000 mAh Battery,6s Gen 3 Processor,,"₹15,999","₹20,999",23% off,Bank Offer,"₹12,550"
253,"MOTOROLA G86 Power 5G (Pantone Golden Cypress, 128 GB)",4.3,"20,257 Ratings & 1,319 Reviews",8 GB RAM | 128 GB ROM | Expandable Upto 1 TB,17.02 cm (6.7 inch) Super HD Display,50MP + 8MP | 32MP Front Camera,6720 mAh Battery,Dimensity 7400 Processor,1 Year Warranty on Handset and 6 Months Warranty on Accessories,"₹17,999","₹19,999",10% off,Bank Offer,"₹14,050"
254,"realme P4 5G (Steel Grey, 256 GB)",4.4,"9,710 Ratings & 687 Reviews",8 GB RAM | 256 GB ROM,17.2 cm (6.77 inch) Display,50MP + 8MP | 16MP Front Camera,7000 mAh Battery,Mediatek Dimensity 7400 Processor,1 Year Manufacturer Warranty for Device and 6 Months Manufacturer Warranty for Inbox Accessories,"₹19,999","₹23,999",16% off,,"₹15,700"
255,"realme P4 5G (Steel Grey, 128 GB)",4.4,"9,710 Ratings & 687 Reviews",8 GB RAM | 128 GB ROM,17.2 cm (6.77 inch) Display,50MP + 8MP | 16MP Front Camera,7000 mAh Battery,Mediatek Dimensity 7400 Processor,1 Year Manufacturer Warranty for Device and 6 Months Manufacturer Warranty for Inbox Accessories,"₹17,999","₹21,999",18% off,,"₹14,050"
256,"realme P4 5G (Forge Red, 128 GB)",4.4,"9,710 Ratings & 687 Reviews",8 GB RAM | 128 GB ROM,17.2 cm (6.77 inch) Display,50MP + 8MP | 16MP Front Camera,7000 mAh Battery,Mediatek Dimensity 7400 Processor,1 Year Manufacturer Warranty for Device and 6 Months Manufacturer Warranty for Inbox Accessories,"₹17,999","₹21,999",18% off,,"₹14,050"
257,"Apple iPhone 17 Pro (Deep Blue, 256 GB)",4.7,445 Ratings & 34 Reviews,,16.0 cm (6.3 inch) Super Retina XDR Display,48MP + 48MP + 48MP | 18MP Front Camera,,"A19 Chip, 6 Core Processor Processor",Apple One (1) Year Limited Warranty,"₹1,34,900",,,Bank Offer,"₹55,250"
258,"MOTOROLA Edge 60 Fusion 5G (PANTONE Zephyr, 256 GB)",4.4,"1,01,865 Ratings & 5,310 Reviews",8 GB RAM | 256 GB ROM | Expandable Upto 1 TB,16.94 cm (6.67 inch) Display,50MP + 13MP | 32MP Front Camera,5500 mAh Battery,Dimensity 7400 Processor,1 Year Warranty on Handset and 6 Months Warranty on Accessories,"₹20,999","₹25,999",19% off,Super Deals,"₹16,650"
259,"REDMI A4 (Sparkle Purple, 128 GB)",4.2,856 Ratings & 32 Reviews,6 GB RAM | 128 GB ROM,17.48 cm (6.88 inch) Display,50MP + 50MP | 5MP Dual Front Camera,5160 mAh Battery,Snapdragon 4s Gen 2 5G Processor Processor,,"₹9,394","₹12,999",27% off,Super Deals,"₹7,150"
260,"OnePlus Nord CE5 5G (Marble Mist, 128 GB)",4.5,"4,706 Ratings & 266 Reviews",8 GB RAM | 128 GB ROM,17.2 cm (6.77 inch) Display,50MP Rear Camera,7100 mAh Battery,,1 Year Warranty,"₹24,912","₹24,999",,Bank Offer,"₹19,600"
261,"OnePlus Nord CE5 5G (Black Infinity, 256 GB)",4.5,"4,706 Ratings & 266 Reviews",8 GB RAM | 256 GB ROM,17.2 cm (6.77 inch) Display,50MP Rear Camera,7100 mAh Battery,,1 Year Warranty,"₹26,822","₹26,999",,Bank Offer,"₹21,200"
262,"realme P3 Lite 5G Charger in the Box (Lily White, 128 GB)",4.4,"4,548 Ratings & 182 Reviews",4 GB RAM | 128 GB ROM | Expandable Upto 2 TB,16.94 cm (6.67 inch) Display,32MP Rear Camera | 8MP Front Camera,6000 mAh Battery,Dimensity 6300 Processor,1 Year Manufacturer Warranty for Device and 6 Months Manufacturer Warranty for Inbox Accessories,"₹10,499","₹12,999",19% off,,"₹8,000"
263,"Nothing Phone (3a) Pro (Black, 256 GB)",4.5,"11,189 Ratings & 855 Reviews",8 GB RAM | 256 GB ROM,43.66 cm (17.19 cm) Full HD+ Display,50MP (Main) + 50MP (3X Periscope)+ 8MP (Ultra-Wide) | 50MP Front Camera,5000 mAh Battery,7s Gen3 Processor,1 Year Manufacturing Warranty,"₹30,999","₹34,999",11% off,Super Deals,"₹24,600"
264,"Apple iPhone 16 Pro Max (Desert Titanium, 256 GB)",4.7,"15,395 Ratings & 803 Reviews",,17.53 cm (6.9 inch) Super Retina XDR Display,48MP + 48MP + 12MP | 12MP Front Camera,,"A18 Pro Chip, 6 Core Processor Processor",,"₹1,34,900",,,Bank Offer,"₹55,250"
265,"realme C71 (Obsidian Black, 128 GB)",4.2,"5,916 Ratings & 224 Reviews",6 GB RAM | 128 GB ROM | Expandable Upto 2 TB,17.14 cm (6.75 inch) HD+ Display,13MP Rear Camera | 5MP Front Camera,6300 mAh Battery,T7250 Processor,1 Year Manufacturer Warranty for Device and 6 Months Manufacturer Warranty for Inbox Accessories,"₹8,699","₹10,999",20% off,Bank Offer,"₹6,600"
266,"IQOO Z10 Lite 5G (Titanium Blue, 128 GB)",4.2,"2,150 Ratings & 87 Reviews",6 GB RAM | 128 GB ROM,17.12 cm (6.74 inch) Display,50MP Rear Camera,6000 mAh Battery,,1 Year Warranty,"₹11,619","₹14,999",22% off,Bank Offer,"₹9,000"
267,"Samsung Galaxy A06 5G (Light Green, 64 GB)",4.1,"2,009 Ratings & 127 Reviews",4 GB RAM | 64 GB ROM | Expandable Upto 1 TB,17.02 cm (6.7 inch) HD+ Display,50MP + 50MP | 2MP + 2MP Dual Front Camera,5000 mAh Battery,MEDIATEK Processor,1 Year Manufacturer Warranty for Device and 6 Months for In-Box Accessories,"₹8,888","₹11,999",25% off,Bank Offer,
268,"Apple iPhone 17 Pro Max (Deep Blue, 256 GB)",4.8,261 Ratings & 27 Reviews,,17.53 cm (6.9 inch) Super Retina XDR Display,48MP + 48MP + 48MP | 18MP Front Camera,,"A19 Chip, 6 Core Processor Processor",Apple One (1) Year Limited Warranty,"₹1,49,900",,,Bank Offer,"₹55,250"
269,"realme 15x 5G (Marine Blue, 256 GB)",4.3,"1,730 Ratings & 124 Reviews",8 GB RAM | 256 GB ROM | Expandable Upto 2 TB,17.27 cm (6.8 inch) Display,50MP Rear Camera | 50MP Front Camera,7000 mAh Battery,Dimensity 6300 6nm Octa-core chipset Processor,1 Year Manufacturer Warranty for Device and 6 Months Manufacturer Warranty for Inbox Accessories,"₹20,499","₹21,999",6% off,Bank Offer,"₹16,200"
270,"IQOO Z10 Lite 5G (Titanium Blue, 256 GB)",4.2,"1,493 Ratings & 62 Reviews",8 GB RAM | 256 GB ROM,17.12 cm (6.74 inch) Display,50MP Rear Camera,6000 mAh Battery,,1 Year Brand Warranty,"₹13,690","₹16,999",19% off,Bank Offer,"₹10,600"
271,"IQOO Z10X 5G (Ultramarine, 256 GB)",4.4,"3,856 Ratings & 189 Reviews",8 GB RAM | 256 GB ROM,17.02 cm (6.7 inch) Display,50MP Rear Camera,6500 mAh Battery,,,"₹17,299","₹20,499",15% off,Bank Offer,"₹13,650"
272,"Samsung Galaxy A35 5G (Awesome Iceblue, 128 GB)",4.4,"56,687 Ratings & 3,337 Reviews",8 GB RAM | 128 GB ROM | Expandable Upto 1 TB,16.76 cm (6.6 inch) Full HD+ Display,50MP + 8MP + 5MP | 13MP Front Camera,5000 mAh Battery,Samsung Exynos 1380 Processor,1 Year Manufacturer Warranty for Device and 6 Months for In-Box Accessories,"₹21,999","₹33,999",35% off,Bank Offer,"₹17,400"
273,"REDMI 13 5G (Black Diamond, 128 GB)",4.2,"13,467 Ratings & 727 Reviews",8 GB RAM | 128 GB ROM,17.25 cm (6.79 inch) Display,108MP Rear Camera,5030 mAh Battery,,Brand Warranty,"₹12,188","₹19,999",39% off,Bank Offer,"₹9,450"
274,"realme Narzo 80 Lite 4G (Beach Gold, 128 GB)",4.3,728 Ratings & 39 Reviews,6 GB RAM | 128 GB ROM,17.12 cm (6.74 inch) HD+ Display,13MP Rear Camera,6300 mAh Battery,,1 year brand Warranty,"₹8,374","₹10,999",23% off,Super Deals,
275,Kechaoda A27,4,"15,513 Ratings & 856 Reviews",32 MB RAM | 32 MB ROM | Expandable Upto 16 GB,1.68 cm (0.66 inch) FWVGA Display,0MP | 0MP Front Camera,800 mAh Battery,processor speed 400MHZ Processor,,₹889,"₹1,499",40% off,Bank Offer,
276,itel Ace2 Power,4.1,587 Ratings & 33 Reviews,32 MB RAM | 32 MB ROM | Expandable Upto 32 GB,4.57 cm (1.8 inch) Display,,2500 mAh Battery,,12+1 Months Domestic Warranty for device 6 months for accessories,"₹1,149","₹1,399",17% off,Bank Offer,
277,"REDMI A4 5G only on Jio SIM (Starry Black, 128 GB)",4.3,"11,155 Ratings & 479 Reviews",4 GB RAM | 128 GB ROM,17.48 cm (6.88 inch) Display,50MP Rear Camera,5160 mAh Battery,,,"₹8,839","₹11,999",26% off,Super Deals,
278,"Nothing Phone (3a) Pro (Grey, 128 GB)",4.5,"11,189 Ratings & 855 Reviews",8 GB RAM | 128 GB ROM,43.66 cm (17.19 cm) Full HD+ Display,50MP (Main) + 50MP (3X Periscope)+ 8MP (Ultra-Wide) | 50MP Front Camera,5000 mAh Battery,7s Gen3 Processor,1 Year Manufacturing Warranty,"₹28,999","₹32,999",12% off,Super Deals,"₹22,950"
279,"Nothing Phone (3a) Pro (Grey, 256 GB)",4.5,"11,189 Ratings & 855 Reviews",8 GB RAM | 256 GB ROM,43.66 cm (17.19 cm) Full HD+ Display,50MP (Main) + 50MP (3X Periscope)+ 8MP (Ultra-Wide) | 50MP Front Camera,5000 mAh Battery,7s Gen3 Processor,1 Year Manufacturing Warranty,"₹30,999","₹34,999",11% off,Super Deals,"₹24,600"
280,"Moto g06 power (Laurel Oak, 64 GB)",4.2,"1,121 Ratings & 92 Reviews",4 GB RAM | 64 GB ROM | Expandable Upto 1 TB,17.48 cm (6.88 inch) HD+ Display,50MP Rear Camera | 8MP Front Camera,7000 mAh Battery,Helio G81 Processor,1 Year Warranty on Handset and 6 Months Warranty on Accessories,"₹7,199","₹9,999",28% off,Bank Offer,"₹5,400"
281,"REDMI A4 (Starry Black, 128 GB)",4.2,856 Ratings & 32 Reviews,6 GB RAM | 128 GB ROM,17.48 cm (6.88 inch) Display,50MP + 50MP | 5MP Dual Front Camera,5160 mAh Battery,Snapdragon 4s Gen 2 5G Processor Processor,,"₹9,590","₹12,999",26% off,Bank Offer,"₹7,400"
282,itel it5027 Slim Keypad Mobile | 2.4 inch Display| Type C Charging,4.1,345 Ratings & 15 Reviews,4 MB RAM | 4 MB ROM,6.1 cm (2.4 inch) Display,0.3MP Rear Camera,1200 mAh Battery,,,"₹1,129","₹1,649",31% off,Bank Offer,
283,"IQOO Z10X 5G (Titanium, 128 GB)",4.4,"3,856 Ratings & 189 Reviews",8 GB RAM | 128 GB ROM,17.02 cm (6.7 inch) Display,50MP Rear Camera,6500 mAh Battery,,1 Year Warranty on Handset and 6 Months Warranty on Accessories,"₹15,113","₹18,999",20% off,Bank Offer,"₹11,850"
284,"OnePlus Nord CE4 lite 5G (SUPER SILVER, 128 GB)",4.4,"34,229 Ratings & 1,609 Reviews",8 GB RAM | 128 GB ROM,16.94 cm (6.67 inch) Display,50MP Rear Camera,5500 mAh Battery,,,"₹17,980","₹20,999",14% off,Bank Offer,"₹14,050"
285,itel Ace2 Power,4.1,587 Ratings & 33 Reviews,32 MB RAM | 32 MB ROM | Expandable Upto 32 GB,4.57 cm (1.8 inch) Display,,2500 mAh Battery,,12+1 Months Domestic Warranty for device 6 months for accessories,"₹1,149","₹1,399",17% off,Bank Offer,
286,itel Ace 3 Shine,4.1,"1,403 Ratings & 61 Reviews",4 MB RAM | 4 MB ROM | Expandable Upto 32 GB,4.57 cm (1.8 inch) QVGA Display,,1000 mAh Battery,Unisoc Processor,1 year manufacturer Warranty,₹939,"₹1,249",24% off,Bank Offer,
287,Banety Single SIM Keypad Mobile Phone with Wireless FM,,,4 MB RAM | 10 MB ROM | Expandable Upto 0 MB,3.86 cm (1.52 inch) NA Display,0MP | 0MP Front Camera,800 mAh Battery,Not Applicable Processor,,₹949,"₹1,499",36% off,Bank Offer,
288,"realme C71 (Sea Blue, 128 GB)",4.2,"5,916 Ratings & 224 Reviews",6 GB RAM | 128 GB ROM | Expandable Upto 2 TB,17.14 cm (6.75 inch) HD+ Display,13MP Rear Camera | 5MP Front Camera,6300 mAh Battery,T7250 Processor,1 Year Manufacturer Warranty for Device and 6 Months Manufacturer Warranty for Inbox Accessories,"₹8,699","₹10,999",20% off,Bank Offer,"₹6,600"
289,"realme C71 (Obsidian Black, 64 GB)",4.4,212 Ratings & 7 Reviews,4 GB RAM | 64 GB ROM | Expandable Upto 2 TB,17.14 cm (6.75 inch) HD+ Display,13MP Rear Camera | 5MP Front Camera,6300 mAh Battery,T7250 Processor,1 Year Manufacturer Warranty for Device and 6 Months Manufacturer Warranty for Inbox Accessories,"₹7,399","₹8,999",17% off,Bank Offer,
290,"realme 15x 5G (Aqua Blue, 128 GB)",4.3,"1,730 Ratings & 124 Reviews",8 GB RAM | 128 GB ROM | Expandable Upto 2 TB,17.27 cm (6.8 inch) Display,50MP Rear Camera | 50MP Front Camera,7000 mAh Battery,Dimensity 6300 6nm Octa-core chipset Processor,1 Year Manufacturer Warranty for Device and 6 Months Manufacturer Warranty for Inbox Accessories,"₹18,999","₹19,999",5% off,Bank Offer,"₹14,800"
291,"realme 15x 5G (Marine Blue, 128 GB)",4.3,"1,730 Ratings & 124 Reviews",8 GB RAM | 128 GB ROM | Expandable Upto 2 TB,17.27 cm (6.8 inch) Display,50MP Rear Camera | 50MP Front Camera,7000 mAh Battery,Dimensity 6300 6nm Octa-core chipset Processor,1 Year Manufacturer Warranty for Device and 6 Months Manufacturer Warranty for Inbox Accessories,"₹18,999","₹19,999",5% off,Bank Offer,"₹14,800"
292,Jio V4,3.7,"1,654 Ratings & 98 Reviews",20 MB RAM | 36 MB ROM,4.5 cm (1.77 inch) Display,0.3MP Rear Camera,1000 mAh Battery,,1 Year Manufacturer Warranty,₹799,"₹1,799",55% off,Super Deals,
293,"Infinix Note 50x 5G+ 45W Charger In the Box & AI (Sea Breeze Green, 128 GB)",4.3,"4,382 Ratings & 375 Reviews",8 GB RAM | 128 GB ROM,16.94 cm (6.67 inch) HD+ Display,50MP + AI Lens | 8MP Front Camera,5500 mAh Battery,Dimensity 7300 Ultimate Processor,1 Year Warranty on the Handset and 6 Months Warranty on the In-box Accessories,"₹13,499","₹16,999",20% off,Bank Offer,"₹10,450"
294,"OnePlus Nord CE4 lite 5G (MEGA BLUE, 128 GB)",4.4,"34,229 Ratings & 1,609 Reviews",8 GB RAM | 128 GB ROM,16.94 cm (6.67 inch) Display,50MP Rear Camera,5500 mAh Battery,,,"₹17,859","₹20,999",14% off,Bank Offer,"₹14,050"
295,"REDMI 13 5G (Orchid Pink, 128 GB)",4.3,"47,703 Ratings & 2,376 Reviews",6 GB RAM | 128 GB ROM,17.25 cm (6.79 inch) Full HD+ Display,108MP Rear Camera,5030 mAh Battery,Qualcomm SM4450 Snapdragon 4 Gen 2 AE (4 nm) Processor,,"₹12,369","₹17,999",31% off,Bank Offer,"₹9,650"
296,itel Ace 3 Shine,4.1,"1,403 Ratings & 61 Reviews",4 MB RAM | 4 MB ROM | Expandable Upto 32 GB,4.57 cm (1.8 inch) QVGA Display,,1000 mAh Battery,Unisoc Processor,1 year manufacturer Warranty,₹879,"₹1,249",29% off,Bank Offer,
297,LAVA Hero Shakti 2025,4.1,"2,520 Ratings & 153 Reviews",,4.57 cm (1.8 inch) QVGA Display,0MP | 0MP Front Camera,800 mAh Battery,Mtk Processor,Brand Warranty of 1 Year Available for Mobile and 6 Months for Battery and Accessories,₹975,"₹1,222",20% off,Bank Offer,
298,"OnePlus Nord CE4 (Celadon Marble, 128 GB)",4.4,"26,786 Ratings & 1,467 Reviews",8 GB RAM | 128 GB ROM,17.02 cm (6.7 inch) Display,50MP Rear Camera,5500 mAh Battery,OxygenOS 14.0 Processor,Domestic Warranty 1 Year For Handset And 6 month For Accessories.,"₹19,535","₹24,999",21% off,Super Deals,"₹15,400"
299,"Ai+ Nova 5G (Black, 128 GB)",4.2,"16,583 Ratings & 1,108 Reviews",6 GB RAM | 128 GB ROM | Expandable Upto 1 TB,17.13 cm (6.745 inch) HD+ Display,50MP Rear Camera | 5MP Front Camera,5000 mAh Battery,T8200 Processor,1 Year Warranty on Handset and 6 Months Warranty on the Inbox Accessories,"₹8,499","₹10,999",22% off,Bank Offer,"₹6,500"
300,"vivo T4R 5G (Twilight Blue, 256 GB)",4.4,"3,668 Ratings & 181 Reviews",12 GB RAM | 256 GB ROM,17.2 cm (6.77 inch) Display,50MP (OIS) + 2MP | 32MP Front Camera,5700 mAh Battery,Dimensity 7400 5G Processor,1 Year Manufacturer Warranty for Device and 6 Months Manufacturer Warranty for Inbox Accessories,"₹23,499","₹26,999",12% off,Bank Offer,"₹18,650"
301,"Nothing Phone (3a) Pro (Black, 128 GB)",4.5,"11,189 Ratings & 855 Reviews",8 GB RAM | 128 GB ROM,43.66 cm (17.19 cm) Full HD+ Display,50MP (Main) + 50MP (3X Periscope)+ 8MP (Ultra-Wide) | 50MP Front Camera,5000 mAh Battery,7s Gen3 Processor,1 Year Manufacturing Warranty,"₹28,999","₹32,999",12% off,Super Deals,"₹22,950"
302,MOTOROLA Moto A300,4,187 Ratings & 14 Reviews,4 MB RAM | 32 MB ROM | Expandable Upto 64 GB,5.08 cm (2 inch) HVGA Display,1.3MP + 0MP | 0MP Front Camera,1000 mAh Battery,Mtk Processor,2 Years Domestic Replacement Warranty,"₹1,407","₹1,699",17% off,Super Deals,
303,"OnePlus Nord 5 5G (Phantom Grey, 256 GB)",4.5,953 Ratings & 79 Reviews,12 GB RAM | 256 GB ROM,17.35 cm (6.83 inch) Display,50MP Rear Camera,6800 mAh Battery,,1 Year Warranty,"₹34,824","₹37,999",8% off,Bank Offer,"₹26,900"
304,"Samsung M06 5G (Sage Green, 128 GB)",4,690 Ratings & 48 Reviews,4 GB RAM | 128 GB ROM,17.02 cm (6.7 inch) Display,50MP Rear Camera,5000 mAh Battery,,1 Year Manufacturer Warranty for Phone and 6 Months Warranty for In the Box Accessories,"₹9,255","₹11,999",22% off,Super Deals,
305,"realme 14x 5G (Jewel Red, 128 GB)",4.4,"7,923 Ratings & 402 Reviews",8 GB RAM | 128 GB ROM | Expandable Upto 2 TB,16.94 cm (6.67 inch) HD+ Display,50MP Rear Camera | 8MP Front Camera,6000 mAh Battery,Dimensity 6300 Processor,1 Year Manufacturer Warranty for Device and 6 Months Manufacturer Warranty for Inbox Accessories,"₹15,999","₹17,999",11% off,Bank Offer,"₹12,550"
306,"Infinix Note 50x 5G+ 45W Charger In the Box & AI (Enchanted Purple, 128 GB)",4.3,"4,382 Ratings & 375 Reviews",8 GB RAM | 128 GB ROM,16.94 cm (6.67 inch) HD+ Display,50MP + AI Lens | 8MP Front Camera,5500 mAh Battery,Dimensity 7300 Ultimate Processor,1 Year Warranty on the Handset and 6 Months Warranty on the In-box Accessories,"₹13,499","₹16,999",20% off,Bank Offer,"₹10,450"
307,"REDMI 15 5G (Frosted White, 256 GB)",4.2,"1,526 Ratings & 81 Reviews",8 GB RAM | 256 GB ROM,17.53 cm (6.9 inch) Display,50MP Rear Camera,7000 mAh Battery,,,"₹16,184","₹19,999",19% off,Super Deals,"₹12,700"
308,"Infinix Note 50x 5G+ 45W Charger In the Box & AI (Sunset Spice Pink, 128 GB)",4.3,"14,713 Ratings & 1,351 Reviews",6 GB RAM | 128 GB ROM,16.94 cm (6.67 inch) HD+ Display,50MP + AI Lens | 8MP Front Camera,5500 mAh Battery,Dimensity 7300 Ultimate Processor,1 Year Warranty on the Handset and 6 Months Warranty on the In-box Accessories,"₹11,999","₹14,999",20% off,Bank Offer,"₹9,300"
309,"Infinix Note 50x 5G+ 45W Charger In the Box & AI (Enchanted Purple, 128 GB)",4.3,"14,713 Ratings & 1,351 Reviews",6 GB RAM | 128 GB ROM,16.94 cm (6.67 inch) HD+ Display,50MP + AI Lens | 8MP Front Camera,5500 mAh Battery,Dimensity 7300 Ultimate Processor,1 Year Warranty on the Handset and 6 Months Warranty on the In-box Accessories,"₹11,999","₹14,999",20% off,Bank Offer,"₹9,300"
310,"vivo Y19e (Titanium Silver, 64 GB)",4.3,"2,833 Ratings & 96 Reviews",4 GB RAM | 64 GB ROM | Expandable Upto 2 TB,17.12 cm (6.74 inch) Display,13MP + 0.08MP | 5MP Front Camera,5500 mAh Battery,T7225 Processor,1 Year Warranty on the Product and 6 Months Warranty on the Accessories,"₹7,959","₹11,999",33% off,Bank Offer,"₹6,050"
311,"REDMI A3X (Olive Green, 64 GB)",4.1,"9,422 Ratings & 392 Reviews",4 GB RAM | 64 GB ROM | Expandable Upto 1 TB,17.04 cm (6.71 inch) HD+ Display,8MP Rear Camera | 5MP Front Camera,5000 mAh Battery,,1 Year Manufacturer Warranty for Phone and 6 Months Warranty for In the Box Accessories,"₹6,950","₹10,499",33% off,Bank Offer,"₹5,250"
312,"Samsung Galaxy A35 5G (Awesome Lilac, 128 GB)",4.4,"56,687 Ratings & 3,337 Reviews",8 GB RAM | 128 GB ROM | Expandable Upto 1 TB,16.76 cm (6.6 inch) Full HD+ Display,50MP + 8MP + 5MP | 13MP Front Camera,5000 mAh Battery,Samsung Exynos 1380 Processor,1 Year Manufacturer Warranty for Device and 6 Months for In-Box Accessories,"₹21,999","₹33,999",35% off,Bank Offer,"₹17,400"
313,"REDMI 13 5G (Hawaiian Blue, 128 GB)",4.3,"47,703 Ratings & 2,376 Reviews",6 GB RAM | 128 GB ROM,17.25 cm (6.79 inch) Full HD+ Display,108MP Rear Camera,5030 mAh Battery,Qualcomm SM4450 Snapdragon 4 Gen 2 AE (4 nm) Processor,,"₹12,979","₹17,999",27% off,Bank Offer,"₹10,100"
314,"realme P3 Lite 5G Charger in the Box (Midnight Lily, 128 GB)",4.4,"4,548 Ratings & 182 Reviews",4 GB RAM | 128 GB ROM | Expandable Upto 2 TB,16.94 cm (6.67 inch) Display,32MP Rear Camera | 8MP Front Camera,6000 mAh Battery,Dimensity 6300 Processor,1 Year Manufacturer Warranty for Device and 6 Months Manufacturer Warranty for Inbox Accessories,"₹10,499","₹12,999",19% off,,"₹8,000"
315,"REDMI 15 5G (Midnight Black, 256 GB)",4.2,"1,526 Ratings & 81 Reviews",8 GB RAM | 256 GB ROM,17.53 cm (6.9 inch) Display,50MP Rear Camera,7000 mAh Battery,,,"₹16,468","₹19,999",17% off,Bank Offer,"₹12,850"
316,"realme P3 5G (Space Silver, 128 GB)",4.4,"21,327 Ratings & 1,375 Reviews",8 GB RAM | 128 GB ROM | Expandable Upto 2 TB,16.94 cm (6.67 inch) Full HD+ Display,50MP + 2MP | 16MP Front Camera,6000 mAh Battery,6 Gen 4 Processor,1 Year Manufacturer Warranty for Device and 6 Months Manufacturer Warranty for Inbox Accessories,"₹16,999","₹20,999",19% off,,"₹13,400"
317,"OnePlus Nord 5 5G (Phantom Grey, 512 GB)",4.5,953 Ratings & 79 Reviews,12 GB RAM | 512 GB ROM,17.35 cm (6.83 inch) Display,50MP Rear Camera,6800 mAh Battery,,1 Year Warranty,"₹38,702","₹40,999",5% off,Bank Offer,"₹29,500"
318,"OnePlus Nord CE4 (Dark Chrome, 128 GB)",4.4,"26,786 Ratings & 1,467 Reviews",8 GB RAM | 128 GB ROM,17.02 cm (6.7 inch) Display,50MP Rear Camera,5500 mAh Battery,OxygenOS 14.0 Processor,Domestic Warranty 1 Year For Handset And 6 month For Accessories.,"₹19,760","₹24,999",20% off,Bank Offer,"₹15,600"
319,"Samsung Galaxy A55 5G (Awesome Navy, 128 GB)",4.4,"4,801 Ratings & 297 Reviews",8 GB RAM | 128 GB ROM | Expandable Upto 1 TB,16.76 cm (6.6 inch) Full HD+ Display,50MP + 12MP + 5MP | 32MP Front Camera,5000 mAh Battery,Samsung Exynos 1480 Processor,1 Year Manufacturer Warranty for Device and 6 Months for In-Box Accessories,"₹24,680","₹42,999",42% off,Super Deals,"₹19,600"
320,Rastic SM Guruu Music 2,3.5,22 Ratings & 1 Reviews,8 MB RAM | 16 MB ROM | Expandable Upto 64 GB,6.35 cm (2.5 inch) VGA Display,0MP Front Camera,850 mAh Battery,,NO Warranty,₹998,"₹1,999",50% off,Bank Offer,
321,"OnePlus Nord 5 5G (Dry Ice, 256 GB)",4.5,895 Ratings & 47 Reviews,8 GB RAM | 256 GB ROM,17.35 cm (6.83 inch) Display,50MP Rear Camera,6800 mAh Battery,,1 Year Warranty,"₹31,898","₹34,999",8% off,Bank Offer,"₹25,450"
322,"OnePlus Nord 5 5G (Dry Ice, 256 GB)",4.5,895 Ratings & 47 Reviews,8 GB RAM | 256 GB ROM,17.35 cm (6.83 inch) Full HD+ AMOLED Display,50MP + 50MP + 8MP | 50MP Front Camera,6800 mAh Battery,Qualcomm® Snapdragon™ 8s Gen 3 Mobile Platform Processor,,"₹31,496","₹34,999",10% off,Bank Offer,"₹24,600"
323,"MOTOROLA Edge 60 Pro (Pantone Sparkling Grape, 256 GB)",4.3,"38,137 Ratings & 2,873 Reviews",8 GB RAM | 256 GB ROM,17.02 cm (6.7 inch) Display,50MP + 50MP + 10MP | 50MP Front Camera,6000 mAh Battery,Dimensity 8350 Processor,1 Year Warranty on Handset and 6 Months Warranty on Accessories,"₹27,999","₹36,999",24% off,Bank Offer,"₹22,250"
324,Jio JioBharat V4 Keypad Phone,3.7,702 Ratings & 42 Reviews,512 MB RAM | 4 GB ROM,4.32 cm (1.7 inch) HD Display,0.3MP Rear Camera,1000 mAh Battery,,,₹762,"₹1,899",59% off,Bank Offer,
325,itel Keypad Mobile | 2.4 inch Display| Type C Charging,4.1,761 Ratings & 53 Reviews,4 MB RAM | 4 MB ROM,6.1 cm (2.4 inch) Display,0.3MP Rear Camera,1200 mAh Battery,,,"₹1,129","₹1,649",31% off,Super Deals,
326,"REDMI 15 5G (Frosted White, 128 GB)",4.2,"1,526 Ratings & 81 Reviews",8 GB RAM | 128 GB ROM,17.53 cm (6.9 inch) Display,50MP Rear Camera,7000 mAh Battery,,,"₹14,579","₹17,999",19% off,Super Deals,"₹11,250"
327,itel it5262,4,"2,104 Ratings & 115 Reviews",4 MB RAM | 4 MB ROM | Expandable Upto 32 GB,6.1 cm (2.4 inch) Display,0.8MP Rear Camera,2000 mAh Battery,,1 Year Manufacturer Warranty,"₹1,395","₹1,599",12% off,Bank Offer,
328,"Samsung Galaxy S24 Ultra 5G (Titanium Violet, 256 GB)",4.6,"7,007 Ratings & 525 Reviews",12 GB RAM | 256 GB ROM,17.27 cm (6.8 inch) Quad HD+ Display,200MP + 50MP + 12MP + 10MP | 12MP Front Camera,5000 mAh Battery,Snapdragon 8 Gen 3 Processor,1 Year Manufacturer Warranty for Device and 6 Months for In-Box Accessories,"₹86,300","₹1,34,999",36% off,Super Deals,"₹55,250"
329,"Samsung Galaxy S24 5G Snapdragon (Onyx Black, 128 GB)",4.6,"40,708 Ratings & 2,259 Reviews",8 GB RAM | 128 GB ROM,15.75 cm (6.2 inch) Full HD+ Display,50MP + 12MP | 12MP Front Camera,4000 mAh Battery,8 Gen 3 Processor,1 Year Manufacturer Warranty for Device and 6 Months for In-Box Accessories,"₹47,999","₹74,999",36% off,Super Deals,"₹38,000"
330,LAVA Hero Shakti 2025,4.1,178 Ratings & 5 Reviews,4 MB RAM | 32 GB ROM | Expandable Upto 32 GB,4.57 cm (1.8 inch) HQVGA Display,0MP | 0MP Front Camera,800 mAh Battery,Mtk Processor,Brand Warranty of 1 Year Available for Mobile and 6 Months for Battery and Accessories,₹915,"₹1,199",23% off,Bank Offer,
331,MOTOROLA Moto A300,4,187 Ratings & 14 Reviews,4 MB RAM | 32 MB ROM | Expandable Upto 64 GB,5.08 cm (2 inch) NA Display,1.3MP + 0MP | 0MP Front Camera,1000 mAh Battery,Mtk Processor,2 Years Domestic Replacement Warranty,"₹1,397","₹1,699",17% off,Bank Offer,
332,"Infinix Note 50x 5G+ 45W Charger In the Box & AI (Titanium Grey, 128 GB)",4.3,"14,713 Ratings & 1,351 Reviews",6 GB RAM | 128 GB ROM,16.94 cm (6.67 inch) HD+ Display,50MP + AI Lens | 8MP Front Camera,5500 mAh Battery,Dimensity 7300 Ultimate Processor,1 Year Warranty on the Handset and 6 Months Warranty on the In-box Accessories,"₹11,999","₹14,999",20% off,Bank Offer,"₹9,300"
333,LAVA A2 Smart,4,96 Ratings & 5 Reviews,4 MB RAM | 24 MB ROM | Expandable Upto 32 GB,6.1 cm (2.4 inch) HVGA Display,1.3MP + 0MP | 0MP Front Camera,1200 mAh Battery,Mtk Processor,,"₹1,299","₹1,549",16% off,Bank Offer,
334,"realme P3 Lite 5G Charger in the Box (Purple Blossom, 128 GB)",4.4,"6,513 Ratings & 248 Reviews",6 GB RAM | 128 GB ROM | Expandable Upto 2 TB,16.94 cm (6.67 inch) Display,32MP Rear Camera | 8MP Front Camera,6000 mAh Battery,Dimensity 6300 Processor,1 Year Manufacturer Warranty for Device and 6 Months Manufacturer Warranty for Inbox Accessories,"₹11,499","₹13,999",17% off,,"₹8,950"
335,"KARBONN Jumbo K9 Keypad Mobile Phone 2.4inch LCD2 MP Camera,1800mAh Battery,FM Vibratore",4,292 Ratings & 12 Reviews,45 MB RAM | 32 MB ROM | Expandable Upto 32 GB,6.1 cm (2.4 inch) WQXGA+ Display,,1800 mAh Battery,Not Availble Processor,,"₹1,297","₹1,890",31% off,Bank Offer,
336,"realme P3 5G (Comet Grey, 128 GB)",4.4,"21,327 Ratings & 1,375 Reviews",8 GB RAM | 128 GB ROM | Expandable Upto 2 TB,16.94 cm (6.67 inch) Full HD+ Display,50MP + 2MP | 16MP Front Camera,6000 mAh Battery,6 Gen 4 Processor,1 Year Manufacturer Warranty for Device and 6 Months Manufacturer Warranty for Inbox Accessories,"₹16,999","₹20,999",19% off,,"₹13,400"
337,"OnePlus Nord 5 5G (Dry Ice, 256 GB)",4.5,953 Ratings & 79 Reviews,12 GB RAM | 256 GB ROM,17.35 cm (6.83 inch) Display,50MP Rear Camera,6800 mAh Battery,,1 Year Warranty,"₹34,548","₹37,999",9% off,Bank Offer,"₹26,900"
338,"MOTOROLA Edge 60 Pro (Pantone Walnut, 256 GB)",4.3,"38,137 Ratings & 2,873 Reviews",8 GB RAM | 256 GB ROM,17.02 cm (6.7 inch) Display,50MP + 50MP + 10MP | 50MP Front Camera,6000 mAh Battery,Dimensity 8350 Processor,1 Year Warranty on Handset and 6 Months Warranty on Accessories,"₹27,999","₹36,999",24% off,Bank Offer,"₹22,250"
339,"IQOO Neo 10R 5G (Raging Blue, 256 GB)",4.5,"4,577 Ratings & 295 Reviews",8 GB RAM | 256 GB ROM,17.22 cm (6.78 inch) Display,50MP Rear Camera,6400 mAh Battery,,1 Year Manufacturer Warranty for Phone and 6 Months Warranty for In the Box Accessories,"₹26,857","₹33,999",21% off,Bank Offer,"₹21,200"
340,"IQOO Neo 10R 5G (MoonKnight Titanium, 256 GB)",4.5,"4,577 Ratings & 295 Reviews",8 GB RAM | 256 GB ROM,17.22 cm (6.78 inch) Display,50MP Rear Camera,6400 mAh Battery,,1 Year Manufacturer Warranty for Phone and 6 Months Warranty for In the Box Accessories,"₹26,966","₹33,999",20% off,Bank Offer,"₹21,200"
341,itel Muzik 450,4,11 Ratings & 0 Reviews,4 MB RAM | 4 MB ROM | Expandable Upto 32 GB,6.1 cm (2.4 inch) QVGA Display,0.3MP Rear Camera,3000 mAh Battery,,,"₹1,664","₹1,999",16% off,Super Deals,
342,itel it5027 Slim Keypad Mobile | 2.4 inch Display| Type C Charging,4.1,345 Ratings & 15 Reviews,4 MB RAM | 4 MB ROM,6.1 cm (2.4 inch) Display,0.3MP Rear Camera,1200 mAh Battery,,,"₹1,119","₹1,649",32% off,Super Deals,
343,"IQOO Z10 Lite 5G (Cyber Green, 128 GB)",4.2,"2,150 Ratings & 87 Reviews",6 GB RAM | 128 GB ROM,17.12 cm (6.74 inch) Display,50MP Rear Camera,6000 mAh Battery,,1 Year Warranty,"₹11,609","₹14,999",22% off,Bank Offer,"₹9,000"
344,"Infinix Note 50x 5G+ 45W Charger In the Box & AI (Titanium Grey, 128 GB)",4.3,"4,382 Ratings & 375 Reviews",8 GB RAM | 128 GB ROM,16.94 cm (6.67 inch) HD+ Display,50MP + AI Lens | 8MP Front Camera,5500 mAh Battery,Dimensity 7300 Ultimate Processor,1 Year Warranty on the Handset and 6 Months Warranty on the In-box Accessories,"₹13,499","₹16,999",20% off,Bank Offer,"₹10,450"
345,"Infinix Note 50x 5G+ 45W Charger In the Box & AI (Sea Breeze Green, 128 GB)",4.3,"14,713 Ratings & 1,351 Reviews",6 GB RAM | 128 GB ROM,16.94 cm (6.67 inch) HD+ Display,50MP + AI Lens | 8MP Front Camera,5500 mAh Battery,Dimensity 7300 Ultimate Processor,1 Year Warranty on the Handset and 6 Months Warranty on the In-box Accessories,"₹11,999","₹14,999",20% off,Bank Offer,"₹9,300"
346,"MOTOROLA G86 Power 5G (Pantone Cosmic Sky, 128 GB)",4.3,"20,257 Ratings & 1,319 Reviews",8 GB RAM | 128 GB ROM | Expandable Upto 1 TB,17.02 cm (6.7 inch) Super HD Display,50MP + 8MP | 32MP Front Camera,6720 mAh Battery,Dimensity 7400 Processor,1 Year Warranty on Handset and 6 Months Warranty on Accessories,"₹17,999","₹19,999",10% off,Bank Offer,"₹14,050"
347,"Samsung Galaxy F06 5G (Bahama Blue, 128 GB)",4.2,"17,170 Ratings & 1,077 Reviews",6 GB RAM | 128 GB ROM | Expandable Upto 1500 GB,17.02 cm (6.7 inch) HD+ Display,50MP + 2MP | 8MP Front Camera,5000 mAh Battery,Dimensity 6300 Processor,1 Year Manufacturer Warranty for Device and 6 Months for In-Box Accessories,"₹11,499","₹15,499",25% off,Bank Offer,"₹8,950"
348,"IQOO Neo 10R 5G (MoonKnight Titanium, 128 GB)",4.5,"4,577 Ratings & 295 Reviews",8 GB RAM | 128 GB ROM,17.22 cm (6.78 inch) Display,50MP Rear Camera,6400 mAh Battery,,1 Year Manufacturer Warranty for Phone and 6 Months Warranty for In the Box Accessories,"₹25,831","₹31,999",19% off,Bank Offer,"₹20,550"
349,"IQOO Neo 10R 5G (MoonKnight Titanium, 256 GB)",4.5,"2,348 Ratings & 146 Reviews",12 GB RAM | 256 GB ROM,17.22 cm (6.78 inch) Display,50MP Rear Camera,6400 mAh Battery,,1 Year Manufacturer Warranty for Phone and 6 Months Warranty for In the Box Accessories,"₹29,204","₹35,999",18% off,Bank Offer,"₹23,300"
350,"MOTOROLA Edge 60 Pro (Pantone Dazzling Blue, 256 GB)",4.3,"38,137 Ratings & 2,873 Reviews",8 GB RAM | 256 GB ROM,17.02 cm (6.7 inch) Display,50MP + 50MP + 10MP | 50MP Front Camera,6000 mAh Battery,Dimensity 8350 Processor,1 Year Warranty on Handset and 6 Months Warranty on Accessories,"₹27,999","₹36,999",24% off,Bank Offer,"₹22,250"
351,"Ai+ Nova 5G (Purple, 128 GB)",4.2,"16,583 Ratings & 1,108 Reviews",6 GB RAM | 128 GB ROM | Expandable Upto 1 TB,17.13 cm (6.745 inch) HD+ Display,50MP Rear Camera | 5MP Front Camera,5000 mAh Battery,T8200 Processor,1 Year Warranty on Handset and 6 Months Warranty on the Inbox Accessories,"₹8,499","₹10,999",22% off,Bank Offer,"₹6,500"
352,"realme P3 5G (Comet Grey, 128 GB)",4.4,"30,580 Ratings & 1,959 Reviews",6 GB RAM | 128 GB ROM | Expandable Upto 2 TB,16.94 cm (6.67 inch) Full HD+ Display,50MP + 2MP | 16MP Front Camera,6000 mAh Battery,6 Gen 4 Processor,1 Year Manufacturer Warranty for Device and 6 Months Manufacturer Warranty for Inbox Accessories,"₹15,999","₹19,999",20% off,,"₹12,550"
353,Banety Single SIM Keypad Mobile Phone with Wireless FM,,,4 MB RAM | 10 MB ROM | Expandable Upto 0 MB,3.86 cm (1.52 inch) NA Display,0MP | 0MP Front Camera,800 mAh Battery,Not Applicable Processor,,₹775,"₹1,499",48% off,Bank Offer,
354,"realme Narzo 80x 5G (Deep Ocean, 128 GB)",4.2,"1,900 Ratings & 74 Reviews",8 GB RAM | 128 GB ROM,17.07 cm (6.72 inch) Display,50MP Rear Camera,6000 mAh Battery,,1 Year Manufacturer Warranty for Phone and 6 Months Warranty for In the Box Accessories,"₹12,957","₹16,999",23% off,Super Deals,"₹10,100"
355,"KARBONN K2Stylo,Dual SIM Keypad Mobile 2.4''LCD 1750mAh Battery Type C Memory Card 32GB",4.2,121 Ratings & 9 Reviews,35 MB RAM | 45 MB ROM | Expandable Upto 32 GB,6.1 cm (2.4 inch) FWVGA Display,0.5MP Rear Camera | 0.5MP Front Camera,1750 mAh Battery,NA Processor,,"₹1,297","₹1,790",27% off,Bank Offer,
356,"Samsung Galaxy A06 5G (Light Gray, 64 GB)",4.1,"2,009 Ratings & 127 Reviews",4 GB RAM | 64 GB ROM | Expandable Upto 1 TB,17.02 cm (6.7 inch) HD+ Display,50MP + 50MP | 8MP + 2MP Dual Front Camera,5000 mAh Battery,mediatek Processor,1 Year Manufacturer Warranty for Device and 6 Months for In-Box Accessories,"₹9,299","₹11,999",22% off,Bank Offer,
357,"Samsung M36 5G (Orange Haze / Orange, 128 GB)",4.1,177 Ratings & 6 Reviews,8 GB RAM | 128 GB ROM,17.02 cm (6.7 inch) Display,50MP Rear Camera,5000 mAh Battery,,1 Year Warranty,"₹17,240","₹24,499",29% off,Super Deals,"₹13,400"
358,"POCO F7 5G (Frost White, 512 GB)",4.4,"15,611 Ratings & 1,575 Reviews",12 GB RAM | 512 GB ROM,17.35 cm (6.83 inch) Display,50MP Rear Camera | 20MP Front Camera,7550 mAh Li-Polymer + Silicon Carbon Battery,8s Gen 4 Processor,1 Year Manufacturer Warranty for Phone and 6 Months Warranty for In the Box Accessories,"₹32,999","₹37,999",13% off,Bank Offer,"₹26,200"
359,"IQOO Z10R 5G (Moonstone, 128 GB)",4.4,"2,179 Ratings & 124 Reviews",8 GB RAM | 128 GB ROM,17.2 cm (6.77 inch) Display,50MP Rear Camera,5700 mAh Battery,,1 Year Warranty,"₹18,803","₹23,499",19% off,Bank Offer,"₹14,800"
360,"realme Narzo 80x 5G (Deep Ocean, 128 GB)",4.2,"1,900 Ratings & 74 Reviews",8 GB RAM | 128 GB ROM,17.07 cm (6.72 inch) Display,50MP Rear Camera,6000 mAh Battery,,1 Year Manufacturer Warranty for Phone and 6 Months Warranty for In the Box Accessories,"₹12,957","₹16,999",23% off,Super Deals,"₹10,100"
361,"KARBONN K2Stylo,Dual SIM Keypad Mobile 2.4''LCD 1750mAh Battery Type C Memory Card 32GB",4.2,121 Ratings & 9 Reviews,35 MB RAM | 45 MB ROM | Expandable Upto 32 GB,6.1 cm (2.4 inch) FWVGA Display,0.5MP Rear Camera | 0.5MP Front Camera,1750 mAh Battery,NA Processor,,"₹1,297","₹1,790",27% off,Bank Offer,
362,"MOTOROLA Razr 60 (PANTONE Spring Bud, 256 GB)",4.4,"1,739 Ratings & 127 Reviews",8 GB RAM | 256 GB ROM,17.53 cm (6.9 inch) Full HD+ Display,50MP + 13MP | 32MP Front Camera,4500 mAh Battery,Dimensity 7400X Processor,1 Year Warranty on Handset and 6 Months Warranty on Accessories,"₹49,999","₹54,999",9% off,Bank Offer,"₹40,200"
363,"POCO F7 5G (Frost White, 256 GB)",4.4,"15,611 Ratings & 1,575 Reviews",12 GB RAM | 256 GB ROM,17.35 cm (6.83 inch) Display,50MP Rear Camera | 20MP Front Camera,7550 mAh Li-Polymer + Silicon Carbon Battery,8s Gen 4 Processor,1 Year Manufacturer Warranty for Phone and 6 Months Warranty for In the Box Accessories,"₹30,999","₹35,999",13% off,Super Deals,"₹24,600"
364,"REDMI 15 5G (Sandy Purple, 128 GB)",4.2,671 Ratings & 35 Reviews,6 GB RAM | 128 GB ROM,17.53 cm (6.9 inch) Display,50MP Rear Camera,7000 mAh Battery,,,"₹14,129","₹16,999",16% off,Super Deals,"₹11,050"
365,"Samsung Galaxy A16 5G (Gold, 128 GB)",4.2,"3,644 Ratings & 161 Reviews",6 GB RAM | 128 GB ROM,17.02 cm (6.7 inch) Full HD+ Display,50MP + 5MP + 2MP | 13MP Front Camera,5000 mAh Battery,Dimensity 6300 Processor,1 Year Manufacturer Warranty for Device and 6 Months for Inbox Accessories,"₹14,099","₹19,999",29% off,Super Deals,"₹11,050"
366,"REDMI 15 5G (Sandy Purple, 128 GB)",4.2,"1,526 Ratings & 81 Reviews",8 GB RAM | 128 GB ROM,17.53 cm (6.9 inch) Display,50MP Rear Camera,7000 mAh Battery,,,"₹15,147","₹17,999",15% off,Super Deals,"₹11,850"
367,"MOTOROLA g35 5G (Guava Red, 128 GB)",4.2,"1,04,748 Ratings & 6,733 Reviews",4 GB RAM | 128 GB ROM | Expandable Upto 1 TB,17.07 cm (6.72 inch) Full HD+ Display,50MP + 8MP | 16MP Front Camera,5000 mAh Battery,T760 Processor,,"₹9,999","₹12,499",20% off,Bank Offer,"₹7,700"
368,"REDMI 15 5G (Midnight Black, 128 GB)",4.2,671 Ratings & 35 Reviews,6 GB RAM | 128 GB ROM,17.53 cm (6.9 inch) Display,50MP Rear Camera,7000 mAh Battery,,,"₹13,999","₹16,999",17% off,Bank Offer,"₹11,000"
369,"IQOO Z10R 5G (Aquamarine, 256 GB)",4.4,"2,179 Ratings & 124 Reviews",8 GB RAM | 256 GB ROM,17.2 cm (6.77 inch) Display,50MP Rear Camera,5700 mAh Battery,,1 Year Warranty,"₹21,273","₹24,999",14% off,Bank Offer,"₹16,650"
370,"IQOO Z10R 5G (Moonstone, 256 GB)",4.4,"2,179 Ratings & 124 Reviews",8 GB RAM | 256 GB ROM,17.2 cm (6.77 inch) Display,50MP Rear Camera,5700 mAh Battery,,1 Year Warranty,"₹21,428","₹24,999",14% off,Bank Offer,"₹16,650"
371,"realme Narzo 80x 5G (Sunlit Gold, 128 GB)",4.2,"1,900 Ratings & 74 Reviews",8 GB RAM | 128 GB ROM,17.07 cm (6.72 inch) Display,50MP Rear Camera,6000 mAh Battery,,1 Year Manufacturer Warranty for Phone and 6 Months Warranty for In the Box Accessories,"₹13,479","₹16,999",20% off,Bank Offer,"₹10,450"
372,"Samsung Galaxy A55 5G (Awesome Navy, 256 GB)",4.4,"4,801 Ratings & 297 Reviews",8 GB RAM | 256 GB ROM | Expandable Upto 1 TB,16.76 cm (6.6 inch) Full HD+ Display,50MP + 12MP + 5MP | 32MP Front Camera,5000 mAh Battery,Exynos 1480 Processor,1 Year Manufacturer Warranty for Device and 6 Months for In-Box Accessories,"₹26,720","₹45,999",41% off,Bank Offer,"₹21,200"
373,"IQOO Neo 10R 5G (Raging Blue, 256 GB)",4.5,"2,348 Ratings & 146 Reviews",12 GB RAM | 256 GB ROM,17.22 cm (6.78 inch) Display,50MP Rear Camera,6400 mAh Battery,,1 Year Manufacturer Warranty for Phone and 6 Months Warranty for In the Box Accessories,"₹28,799","₹35,999",20% off,Bank Offer,"₹22,950"
374,"realme 14x 5G (Crystal Black, 128 GB)",4.3,"13,350 Ratings & 663 Reviews",6 GB RAM | 128 GB ROM | Expandable Upto 2 TB,16.94 cm (6.67 inch) HD+ Display,50MP Rear Camera | 8MP Front Camera,6000 mAh Battery,Dimensity 6300 Processor,1 Year Manufacturer Warranty for Device and 6 Months Manufacturer Warranty for Inbox Accessories,"₹14,999","₹16,999",11% off,Bank Offer,"₹11,750"
375,"realme NARZO 80 Pro 5G (Racing Green, 128 GB)",4.5,704 Ratings & 37 Reviews,8 GB RAM | 128 GB ROM,17.02 cm (6.7 inch) Display,50MP Rear Camera,6000 mAh Battery,,1 Year Warranty on Handset and 6 Months Warranty on Accessories,"₹17,505","₹23,999",27% off,Super Deals,"₹13,800"
376,"POCO F7 5G (Phantom Black, 512 GB)",4.4,"15,611 Ratings & 1,575 Reviews",12 GB RAM | 512 GB ROM,17.35 cm (6.83 inch) Display,50MP Rear Camera | 20MP Front Camera,7550 mAh Li-Polymer + Silicon Carbon Battery,8s Gen 4 Processor,1 Year Manufacturer Warranty for Phone and 6 Months Warranty for In the Box Accessories,"₹32,999","₹37,999",13% off,Bank Offer,"₹26,200"
377,"IQOO Z10R 5G (Aquamarine, 128 GB)",4.4,"2,179 Ratings & 124 Reviews",8 GB RAM | 128 GB ROM,17.2 cm (6.77 inch) Display,50MP Rear Camera,5700 mAh Battery,,1 Year Warranty,"₹18,711","₹23,499",20% off,Super Deals,"₹14,800"
378,"Samsung Galaxy M35 5G (Moonlight Blue, 128 GB)",4.3,"5,372 Ratings & 347 Reviews",8 GB RAM | 128 GB ROM,16.76 cm (6.6 inch) Display,50MP Rear Camera,6000 mAh Battery,,,"₹17,400","₹25,999",33% off,Super Deals,"₹13,700"
379,"IQOO Z10 Lite 5G (Cyber Green, 256 GB)",4.2,"1,493 Ratings & 62 Reviews",8 GB RAM | 256 GB ROM,17.12 cm (6.74 inch) Display,50MP Rear Camera,6000 mAh Battery,,1 Year Warranty,"₹13,690","₹16,999",19% off,Bank Offer,"₹10,600"
380,"REDMI 15 5G (Midnight Black, 128 GB)",4.2,"1,526 Ratings & 81 Reviews",8 GB RAM | 128 GB ROM,17.53 cm (6.9 inch) Display,50MP Rear Camera,7000 mAh Battery,,,"₹15,199","₹17,999",15% off,Bank Offer,"₹11,900"
381,"Apple iPhone 16 Pro Max (Black Titanium, 256 GB)",4.7,"15,395 Ratings & 803 Reviews",,17.53 cm (6.9 inch) Super Retina XDR Display,48MP + 48MP + 12MP | 12MP Front Camera,,"A18 Pro Chip, 6 Core Processor Processor",,"₹1,34,900",,,Bank Offer,"₹55,250"
382,"OPPO A3x 5G (Sparkle Black, 128 GB)",4.2,"4,760 Ratings & 186 Reviews",4 GB RAM | 128 GB ROM | Expandable Upto 2 TB,16.94 cm (6.67 inch) HD+ Display,8MP + 13MP | 5MP + 5MP Dual Front Camera,5100 mAh Battery,Dimensity 6300 Processor,1 Year Manufacturer Warranty for Device and 6 Months Manufacturer Warranty for Inbox Accessories,"₹11,480","₹15,999",28% off,Bank Offer,"₹8,900"
383,"Samsung Galaxy M35 5G (DayBreak Blue, 128 GB)",4.3,"5,372 Ratings & 347 Reviews",8 GB RAM | 128 GB ROM,16.76 cm (6.6 inch) Display,50MP Rear Camera,6000 mAh Battery,,,"₹16,995","₹25,999",34% off,Bank Offer,"₹13,400"
384,hmd 105 Dual Sim,3.7,"3,729 Ratings & 274 Reviews",4 MB RAM | 4 MB ROM | Expandable Upto 32 GB,5.08 cm (2 inch) Display,,1000 mAh Battery,SC6531E Processor,,"₹1,079","₹1,499",28% off,Bank Offer,
385,"Nokia 105 Single SIM, Keypad Mobile Phone with Wireless FM Radio",3.8,"1,79,056 Ratings & 11,393 Reviews",32 MB RAM | 32 MB ROM,4.5 cm (1.77 inch) Display,0MP | 0MP Front Camera,1000 mAh Battery,SC6531E Processor,,"₹1,239","₹1,603",22% off,Super Deals,
386,"IQOO Neo 10 (Inferno Red, 128 GB)",4.6,983 Ratings & 75 Reviews,8 GB RAM | 128 GB ROM,17.22 cm (6.78 inch) Full HD+ E3 Super AMOLED Display,50MP + 50MP + 8MP | 32MP + 32MP Dual Front Camera,7000 mAh Battery,Qualcomm sd Processor,,"₹32,945","₹36,999",10% off,Bank Offer,"₹26,200"
387,"REDMI 15 5G (Frosted White, 128 GB)",4.2,671 Ratings & 35 Reviews,6 GB RAM | 128 GB ROM,17.53 cm (6.9 inch) Display,50MP Rear Camera,7000 mAh Battery,,,"₹14,038","₹16,999",17% off,Super Deals,"₹11,000"
388,"realme C71 (Sea Blue, 64 GB)",4.4,212 Ratings & 7 Reviews,4 GB RAM | 64 GB ROM | Expandable Upto 2 TB,17.14 cm (6.75 inch) HD+ Display,13MP Rear Camera | 5MP Front Camera,6300 mAh Battery,T7250 Processor,1 Year Manufacturer Warranty for Device and 6 Months Manufacturer Warranty for Inbox Accessories,"₹7,494","₹8,999",16% off,Bank Offer,
389,"IQOO Neo 10 (Inferno Red, 256 GB)",4.6,983 Ratings & 75 Reviews,8 GB RAM | 256 GB ROM,17.22 cm (6.78 inch) Full HD+ E3 Super AMOLED Display,50MP + 50MP + 8MP | 32MP + 32MP Dual Front Camera,7000 mAh Battery,Qualcomm Processor,,"₹35,663","₹38,999",8% off,Bank Offer,"₹28,450"
390,"IQOO Neo 10 (Titanium Chrome, 128 GB)",4.6,983 Ratings & 75 Reviews,8 GB RAM | 128 GB ROM,17.22 cm (6.78 inch) Full HD+ E3 Super AMOLED Display,50MP + 50MP + 8MP | 32MP + 32MP Dual Front Camera,7000 mAh Battery,Qualcomm Processor,,"₹33,975","₹36,999",8% off,Bank Offer,"₹26,900"
391,"Samsung Galaxy M35 5G (Moonlight Blue, 256 GB)",4.3,"5,372 Ratings & 347 Reviews",8 GB RAM | 256 GB ROM,16.76 cm (6.6 inch) Display,50MP Rear Camera,6000 mAh Battery,,,"₹19,995","₹27,499",27% off,Super Deals,"₹15,700"
392,"realme 14x 5G (Golden Glow, 128 GB)",4.3,"13,350 Ratings & 663 Reviews",6 GB RAM | 128 GB ROM | Expandable Upto 2 TB,16.94 cm (6.67 inch) HD+ Display,50MP Rear Camera | 8MP Front Camera,6000 mAh Battery,Dimensity 6300 Processor,1 Year Manufacturer Warranty for Device and 6 Months Manufacturer Warranty for Inbox Accessories,"₹14,999","₹16,999",11% off,Bank Offer,"₹11,750"
393,"OPPO A3x 5G (Sparkle Black, 64 GB)",4.2,"4,760 Ratings & 186 Reviews",4 GB RAM | 64 GB ROM | Expandable Upto 2 TB,16.94 cm (6.67 inch) HD+ Display,8MP Rear Camera | 5MP Front Camera,5100 mAh Battery,Dimensity 6300 Processor,1 Year Manufacturer Warranty for Device and 6 Months Manufacturer Warranty for Inbox Accessories,"₹10,127","₹14,999",32% off,Super Deals,"₹7,800"
394,MOTOROLA A10V DS Keypad Phone with Voice Feature|800 mAh Battery|Wireless FM Recording,4.1,"9,015 Ratings & 575 Reviews",4 MB RAM | 32 MB ROM | Expandable Upto 64 GB,4.57 cm (1.8 inch) Display,,800 mAh Battery,,2 Years Domestic Replacement Warranty,"₹1,319","₹1,549",14% off,Bank Offer,
395,"POCO C71 (Cool Blue, 64 GB)",3.8,"46,431 Ratings & 2,129 Reviews",4 GB RAM | 64 GB ROM | Expandable Upto 2 TB,17.48 cm (6.88 inch) HD+ Display,32MP Rear Camera | 8MP Front Camera,5200 mAh Battery,Unisoc T7250 Max clock speed: 2 x A75@1.8GHz 6 x A55@1.6GHz Processor,1 Year Manufacturer Warranty for Phone and 6 Months Warranty for In the Box Accessories,"₹6,199","₹8,999",31% off,Bank Offer,"₹4,600"
396,"Ai+ Pulse (Purple, 128 GB)",4,"3,400 Ratings & 217 Reviews",6 GB RAM | 128 GB ROM | Expandable Upto 1 TB,17.13 cm (6.745 inch) HD+ Display,50MP Rear Camera | 5MP Front Camera,5000 mAh Battery,T615 Processor,1 Year Warranty on Handset and 6 Months Warranty on the Inbox Accessories,"₹6,999","₹9,999",30% off,Bank Offer,"₹5,300"
397,"OPPO A3x 5G (Starlight White, 64 GB)",4.2,"4,760 Ratings & 186 Reviews",4 GB RAM | 64 GB ROM | Expandable Upto 2 TB,16.94 cm (6.67 inch) HD+ Display,8MP Rear Camera | 5MP Front Camera,5100 mAh Battery,Dimensity 6300 Processor,1 Year Manufacturer Warranty for Device and 6 Months Manufacturer Warranty for Inbox Accessories,"₹10,290","₹14,999",31% off,Bank Offer,"₹7,950"
398,"OPPO A3x 5G (Starlight White, 128 GB)",4.2,"4,760 Ratings & 186 Reviews",4 GB RAM | 128 GB ROM | Expandable Upto 2 TB,16.94 cm (6.67 inch) HD+ Display,8MP Rear Camera | 5MP Front Camera,5100 mAh Battery,Dimensity 6300 Processor,1 Year Manufacturer Warranty for Device and 6 Months Manufacturer Warranty for Inbox Accessories,"₹11,499","₹15,999",28% off,Super Deals,"₹8,950"
399,"POCO M7 Plus 5G (Chrome Silver, 128 GB)",4.2,719 Ratings & 44 Reviews,4 GB RAM | 128 GB ROM | Expandable Upto 2 TB,17.53 cm (6.9 inch) Display,50MP Rear Camera,7000 mAh Battery,Snapdragon 6s Gen 3 5G Processor,1 Year Manufacturer Warranty for Phone and 6 Months Warranty for In the Box Accessories,"₹11,999","₹15,999",25% off,Bank Offer,"₹9,300"
400,"Ai+ Pulse (Black, 128 GB)",4,"3,400 Ratings & 217 Reviews",6 GB RAM | 128 GB ROM | Expandable Upto 1 TB,17.13 cm (6.745 inch) HD+ Display,50MP Rear Camera | 5MP Front Camera,5000 mAh Battery,T615 Processor,1 Year Warranty on Handset and 6 Months Warranty on the Inbox Accessories,"₹6,999","₹9,999",30% off,Bank Offer,"₹5,300"
401,"Apple iPhone 16 (Teal, 256 GB)",4.6,"1,77,938 Ratings & 5,611 Reviews",,15.49 cm (6.1 inch) Super Retina XDR Display,48MP + 12MP | 12MP Front Camera,,"A18 Chip, 6 Core Processor Processor",,"₹79,900",,,Bank Offer,"₹55,250"
402,"REDMI 14C 5G (Starlight Blue, 128 GB)",4.2,"7,920 Ratings & 403 Reviews",6 GB RAM | 128 GB ROM | Expandable Upto 1 TB,17.48 cm (6.88 inch) HD+ Display,50MP Rear Camera | 8MP Front Camera,5160 mAh Battery,4 Gen 2 5G Processor,1 Year Manufacturer Warranty for Phone and 6 Months Warranty for In the Box Accessories,"₹10,386","₹14,999",30% off,Super Deals,"₹8,000"
403,"realme P3 5G (Nebula Pink, 128 GB)",4.4,"30,580 Ratings & 1,959 Reviews",6 GB RAM | 128 GB ROM | Expandable Upto 2 TB,16.94 cm (6.67 inch) Full HD+ Display,50MP + 2MP | 16MP Front Camera,6000 mAh Battery,6 Gen 4 Processor,1 Year Manufacturer Warranty for Device and 6 Months Manufacturer Warranty for Inbox Accessories,"₹15,999","₹19,999",20% off,,"₹12,550"
404,"MOTOROLA Edge 60 5G (PANTONE Gibraltar Sea, 256 GB)",4.3,"5,064 Ratings & 358 Reviews",12 GB RAM | 256 GB ROM | Expandable Upto 1 TB,16.94 cm (6.67 inch) Display,50MP + 50MP + 10MP | 50MP Front Camera,5500 mAh Battery,Dimensity 7400 Processor,1 Year Warranty on Handset and 6 Months Warranty on Accessories,"₹25,999","₹31,999",18% off,Bank Offer,"₹20,550"
405,"Samsung M05 (Mint Green, 64 GB)",4.3,"3,874 Ratings & 162 Reviews",4 GB RAM | 64 GB ROM,17.02 cm (6.7 inch) Display,50MP Rear Camera,5000 mAh Battery,,,"₹7,489","₹9,999",25% off,Bank Offer,
406,"IQOO Z10X 5G (Titanium, 128 GB)",4.4,"6,981 Ratings & 370 Reviews",6 GB RAM | 128 GB ROM,17.02 cm (6.7 inch) Display,50MP Rear Camera,6500 mAh Battery,,1 Year Warranty on Handset and 6 Months Warranty on Accessories,"₹14,289","₹17,499",18% off,Bank Offer,"₹11,050"
407,"realme Narzo 80x 5G (Deep Ocean, 128 GB)",4.2,"1,435 Ratings & 54 Reviews",6 GB RAM | 128 GB ROM,17.07 cm (6.72 inch) Display,50MP Rear Camera,6000 mAh Battery,,1 Year Manufacturer Warranty for Phone and 6 Months Warranty for In the Box Accessories,"₹12,699","₹15,999",20% off,Bank Offer,"₹9,800"
408,"Nothing Phone (3a) Pro (Black, 256 GB)",4.4,"6,403 Ratings & 399 Reviews",12 GB RAM | 256 GB ROM,43.66 cm (17.19 cm) Full HD+ Display,50MP (Main) + 50MP (3X Periscope)+ 8MP (Ultra-Wide) | 50MP Front Camera,5000 mAh Battery,7s Gen3 Processor,1 Year Manufacturing Warranty,"₹32,999","₹36,999",10% off,Bank Offer,"₹26,200"
409,"Nothing Phone (3a) Pro (Grey, 256 GB)",4.4,"6,403 Ratings & 399 Reviews",12 GB RAM | 256 GB ROM,43.66 cm (17.19 cm) Full HD+ Display,50MP (Main) + 50MP (3X Periscope)+ 8MP (Ultra-Wide) | 50MP Front Camera,5000 mAh Battery,7s Gen3 Processor,1 Year Manufacturing Warranty,"₹32,999","₹36,999",10% off,Bank Offer,"₹26,200"
410,"Samsung Galaxy M56 5G (Light Green, 128 GB)",4.4,522 Ratings & 35 Reviews,8 GB RAM | 128 GB ROM,17.02 cm (6.7 inch) Full HD+ E3 Super AMOLED Display,50MP + 50MP + 8MP | 12MP + 2MP Dual Front Camera,5000 mAh Battery,Octacore Processor,,"₹21,299","₹30,999",31% off,Bank Offer,"₹16,650"
411,"Nokia 2660 Flip 4G Volte Black keypad Mobile with Dual Sim & Screen, MP3 Player",4.2,"1,696 Ratings & 98 Reviews",0.046875 GB RAM | 0.125 GB ROM,7.11 cm (2.8 inch) QVGA Display,0.3MP Rear Camera,1450 mAh Lithium Ion Battery,,No Warranty on this Product,"₹4,890","₹5,899",17% off,Bank Offer,
412,"Samsung Galaxy S24 Ultra 5G (Titanium Gray, 256 GB)",4.6,"7,007 Ratings & 525 Reviews",12 GB RAM | 256 GB ROM,17.27 cm (6.8 inch) Quad HD+ Display,200MP + 50MP + 12MP + 10MP | 12MP Front Camera,5000 mAh Battery,Snapdragon 8 Gen 3 Processor,1 Year Manufacturer Warranty for Device and 6 Months for In-Box Accessories,"₹86,914","₹1,34,999",35% off,Bank Offer,"₹55,250"
413,"realme P3 5G (Space Silver, 256 GB)",4.4,"21,327 Ratings & 1,375 Reviews",8 GB RAM | 256 GB ROM | Expandable Upto 2 TB,16.94 cm (6.67 inch) Full HD+ Display,50MP + 2MP | 16MP Front Camera,6000 mAh Battery,6 Gen 4 Processor,1 Year Manufacturer Warranty for Device and 6 Months Manufacturer Warranty for Inbox Accessories,"₹18,499","₹22,999",19% off,,"₹14,550"
414,"realme P3 5G (Nebula Pink, 128 GB)",4.4,"21,327 Ratings & 1,375 Reviews",8 GB RAM | 128 GB ROM | Expandable Upto 2 TB,16.94 cm (6.67 inch) Full HD+ Display,50MP + 2MP | 16MP Front Camera,6000 mAh Battery,6 Gen 4 Processor,1 Year Manufacturer Warranty for Device and 6 Months Manufacturer Warranty for Inbox Accessories,"₹16,999","₹20,999",19% off,,"₹13,400"
415,"IQOO Neo 10 (Titanium Chrome, 256 GB)",4.6,983 Ratings & 75 Reviews,8 GB RAM | 256 GB ROM,17.22 cm (6.78 inch) Full HD+ E3 Super AMOLED Display,50MP + 50MP + 8MP | 32MP + 32MP Dual Front Camera,7000 mAh Battery,Qualcomm Processor,,"₹36,990","₹38,999",5% off,Bank Offer,"₹29,500"
416,"Ai+ Pulse (Green, 128 GB)",4,"3,400 Ratings & 217 Reviews",6 GB RAM | 128 GB ROM | Expandable Upto 1 TB,17.13 cm (6.745 inch) HD+ Display,50MP Rear Camera | 5MP Front Camera,5000 mAh Battery,T615 Processor,1 Year Warranty on Handset and 6 Months Warranty on the Inbox Accessories,"₹6,999","₹9,999",30% off,Bank Offer,"₹5,300"
417,Kechaoda A26,4,"29,435 Ratings & 1,618 Reviews",32 MB RAM | 32 MB ROM | Expandable Upto 16 GB,1.68 cm (0.66 inch) QVGA Display,0MP | 0MP Front Camera,800 mAh Battery,NA Processor,,₹879,"₹1,499",41% off,Super Deals,
418,Kechaoda A26,4,"29,435 Ratings & 1,618 Reviews",32 MB RAM | 32 MB ROM | Expandable Upto 16 GB,1.68 cm (0.66 inch) FWVGA Display,,800 mAh Battery,,The Hotline Mobiles has 3 Months Manufacture’s Warranty & after Warranty period we would like to help our customers with the best possible service under low expenses,₹898,"₹1,499",40% off,Super Deals,
419,Kechaoda K115,4.1,"42,460 Ratings & 2,682 Reviews",32 MB RAM | 32 GB ROM | Expandable Upto 32 MB,3.66 cm (1.44 inch) NA Display,0.3MP + 0MP | 0MP Front Camera,850 mAh Battery,NA Processor,1 Year Manufacturer Warranty,₹975,"₹1,499",34% off,Bank Offer,
420,"MOTOROLA Edge 60 Pro (Pantone Shadow, 256 GB)",4.3,"11,819 Ratings & 999 Reviews",12 GB RAM | 256 GB ROM,17.02 cm (6.7 inch) Display,50MP + 50MP + 10MP | 50MP Front Camera,6000 mAh Battery,Dimensity 8350 Processor,1 Year Warranty on Handset and 6 Months Warranty on Accessories,"₹31,999","₹40,999",21% off,Bank Offer,"₹25,450"
421,"LAVA Bold N1 Pro (Stealth Black, 128 GB)",4,174 Ratings & 12 Reviews,4 GB RAM | 128 GB ROM,16.76 cm (6.6 inch) Display,50MP Rear Camera,5000 mAh Battery,,1 Year Handset Warranty and 6 Months Warranty on Accessories,"₹7,398","₹8,399",11% off,Bank Offer,
422,"Samsung Galaxy A16 5G (Light Green, 128 GB)",4.2,"3,644 Ratings & 161 Reviews",6 GB RAM | 128 GB ROM,17.02 cm (6.7 inch) Full HD+ Display,50MP + 5MP + 2MP | 13MP Front Camera,5000 mAh Battery,Dimensity 6300 Processor,1 Year Manufacturer Warranty for Device and 6 Months for Inbox Accessories,"₹13,850","₹19,999",30% off,Bank Offer,"₹10,750"
423,"POCO M7 Plus 5G (Aqua Blue, 128 GB)",4.2,719 Ratings & 44 Reviews,4 GB RAM | 128 GB ROM | Expandable Upto 2 TB,17.53 cm (6.9 inch) Display,50MP Rear Camera,7000 mAh Battery,Snapdragon 6s Gen 3 5G Processor,1 Year Manufacturer Warranty for Phone and 6 Months Warranty for In the Box Accessories,"₹11,999","₹15,999",25% off,Super Deals,"₹9,300"
424,"Ai+ Pulse (Pink, 128 GB)",4,"3,400 Ratings & 217 Reviews",6 GB RAM | 128 GB ROM | Expandable Upto 1 TB,17.13 cm (6.745 inch) HD+ Display,50MP Rear Camera | 5MP Front Camera,5000 mAh Battery,T615 Processor,1 Year Warranty on Handset and 6 Months Warranty on the Inbox Accessories,"₹6,999","₹9,999",30% off,Bank Offer,"₹5,300"
425,"POCO M7 Pro 5G (Olive Twilight, 256 GB)",4.2,"11,393 Ratings & 974 Reviews",8 GB RAM | 256 GB ROM,16.94 cm (6.67 inch) Full HD+ Display,50MP + 2MP | 20MP Front Camera,5110 mAh Battery,Dimensity 7025 Ultra Processor,1 Year Manufacturer Warranty for Phone and 6 Months Warranty for In the Box Accessories,"₹13,999","₹20,999",33% off,Bank Offer,"₹11,000"
426,LAVA A5 2025,3.9,401 Ratings & 22 Reviews,32 MB RAM | 24 MB ROM | Expandable Upto 32 GB,6.1 cm (2.4 inch) HVGA Display,0.3MP + 0MP | 0MP Front Camera,1200 mAh Battery,Mtk Processor,Brand Warranty of 1 Year Available for Mobile and 6 Months for Battery and Accessories,"₹1,345","₹1,599",15% off,Bank Offer,
427,Kechaoda A26,4,"29,435 Ratings & 1,618 Reviews",32 MB RAM | 32 MB ROM | Expandable Upto 16 GB,1.68 cm (0.66 inch) QVGA Display,0MP | 0MP Front Camera,800 mAh Battery,NA Processor,,₹889,"₹1,499",40% off,Bank Offer,
428,"realme P4 Pro 5G (Midnight Ivy, 128 GB)",4.4,"13,337 Ratings & 1,122 Reviews",8 GB RAM | 128 GB ROM,17.27 cm (6.8 inch) Display,50MP + 8MP | 50MP Front Camera,7000 mAh Battery,Snapdragon 7 Gen 4 Mobile Processor,1 Year Manufacturer Warranty for Device and 6 Months Manufacturer Warranty for Inbox Accessories,"₹22,999","₹28,999",20% off,,"₹17,850"
429,"POCO M7 Pro 5G (Lunar Dust, 256 GB)",4.2,"11,393 Ratings & 974 Reviews",8 GB RAM | 256 GB ROM,16.94 cm (6.67 inch) Full HD+ Display,50MP + 2MP | 20MP Front Camera,5110 mAh Battery,Dimensity 7025 Ultra Processor,1 Year Manufacturer Warranty for Phone and 6 Months Warranty for In the Box Accessories,"₹13,999","₹20,999",33% off,Bank Offer,"₹11,000"
430,"realme NARZO 80 Pro 5G (Speed Silver, 128 GB)",4.5,704 Ratings & 37 Reviews,8 GB RAM | 128 GB ROM,17.02 cm (6.7 inch) Display,50MP Rear Camera,6000 mAh Battery,,1 Year Warranty on Handset and 6 Months Warranty on Accessories,"₹17,599","₹23,999",26% off,Bank Offer,"₹13,800"
431,"realme Narzo 80 Lite 4G (Obsidian Black, 64 GB)",4.3,"1,216 Ratings & 49 Reviews",4 GB RAM | 64 GB ROM,17.12 cm (6.74 inch) HD+ Display,13MP Rear Camera,6300 mAh Battery,,1 year brand Warranty,"₹7,410","₹8,999",17% off,Bank Offer,
432,"Samsung Galaxy S24 Ultra 5G (Titanium Black, 256 GB)",4.6,"7,007 Ratings & 525 Reviews",12 GB RAM | 256 GB ROM,17.27 cm (6.8 inch) Quad HD+ Display,200MP + 50MP + 12MP + 10MP | 12MP Front Camera,5000 mAh Battery,Snapdragon 8 Gen 3 Processor,1 Year Manufacturer Warranty for Device and 6 Months for In-Box Accessories,"₹87,399","₹1,34,999",35% off,Bank Offer,"₹55,250"
433,"Moto g06 power (Pantone Tendril, 64 GB)",4.2,"1,121 Ratings & 92 Reviews",4 GB RAM | 64 GB ROM | Expandable Upto 1 TB,17.48 cm (6.88 inch) HD+ Display,50MP Rear Camera | 8MP Front Camera,7000 mAh Battery,Helio G81 Processor,1 Year Warranty on Handset and 6 Months Warranty on Accessories,"₹7,199","₹9,999",28% off,Bank Offer,"₹5,400"
434,"IQOO Z10 5G (Glacier Silver / Silver, 256 GB)",4.4,"4,067 Ratings & 195 Reviews",8 GB RAM | 256 GB ROM,17.2 cm (6.77 inch) Display,50MP Rear Camera,7300 mAh Battery,,,"₹22,779","₹27,999",18% off,Super Deals,"₹17,850"
435,"Samsung Galaxy F36 5G (Red, 256 GB)",4.2,"3,615 Ratings & 257 Reviews",8 GB RAM | 256 GB ROM | Expandable Upto 2 TB,17.02 cm (6.7 inch) Full HD+ Display,50MP + 8MP + 2MP | 13MP Front Camera,5000 mAh Battery,Samsung Exynos 1380 Processor,1 Year Manufacturer Warranty for Device and 6 Months for In-Box Accessories,"₹20,499","₹27,499",25% off,Bank Offer,"₹16,200"
436,HOTLINE H1282,3.5,944 Ratings & 38 Reviews,32 MB RAM | 32 MB ROM,4.57 cm (1.8 inch) Display,0.3MP Rear Camera,1000 mAh Battery,,The Hotline Mobiles has 3 Months Manufacture’s Warranty & after Warranty period we would like to help our customers with the best possible service under low expenses,₹499,"₹1,099",54% off,Super Deals,
437,"realme P4 Pro 5G (Midnight Ivy, 256 GB)",4.4,"13,337 Ratings & 1,122 Reviews",8 GB RAM | 256 GB ROM,17.27 cm (6.8 inch) Display,50MP + 8MP | 50MP Front Camera,7000 mAh Battery,Snapdragon 7 Gen 4 Mobile Processor,1 Year Manufacturer Warranty for Device and 6 Months Manufacturer Warranty for Inbox Accessories,"₹24,999","₹30,999",19% off,,"₹19,600"
438,"realme P4 Pro 5G (Dark Oak Wood, 256 GB)",4.4,"2,763 Ratings & 240 Reviews",12 GB RAM | 256 GB ROM,17.27 cm (6.8 inch) Display,50MP + 8MP | 50MP Front Camera,7000 mAh Battery,Snapdragon 7 Gen 4 Mobile Processor,1 Year Manufacturer Warranty for Device and 6 Months Manufacturer Warranty for Inbox Accessories,"₹26,999","₹32,999",18% off,,"₹21,200"
439,"realme P4 Pro 5G (Birch Wood, 256 GB)",4.4,"2,763 Ratings & 240 Reviews",12 GB RAM | 256 GB ROM,17.27 cm (6.8 inch) Display,50MP + 8MP | 50MP Front Camera,7000 mAh Battery,Snapdragon 7 Gen 4 Mobile Processor,1 Year Manufacturer Warranty for Device and 6 Months Manufacturer Warranty for Inbox Accessories,"₹26,999","₹32,999",18% off,,"₹21,200"
440,"realme P4 Pro 5G (Birch Wood, 256 GB)",4.4,"13,337 Ratings & 1,122 Reviews",8 GB RAM | 256 GB ROM,17.27 cm (6.8 inch) Display,50MP + 8MP | 50MP Front Camera,7000 mAh Battery,Snapdragon 7 Gen 4 Mobile Processor,1 Year Manufacturer Warranty for Device and 6 Months Manufacturer Warranty for Inbox Accessories,"₹24,999","₹30,999",19% off,,"₹19,600"
441,"OnePlus 13s 5G (Green Silk, 512 GB)",4.5,"1,050 Ratings & 79 Reviews",12 GB RAM | 512 GB ROM,16.05 cm (6.32 inch) Display,50MP Rear Camera,5850 mAh Battery,,1 Year Warranty,"₹56,462","₹62,999",10% off,Bank Offer,"₹42,800"
442,"realme Narzo 80 Lite 4G (Obsidian Black, 128 GB)",4.3,728 Ratings & 39 Reviews,6 GB RAM | 128 GB ROM,17.12 cm (6.74 inch) HD+ Display,13MP Rear Camera,6300 mAh Battery,,1 year brand Warranty,"₹8,458","₹10,999",23% off,Bank Offer,
443,"realme P3 5G (Nebula Pink, 256 GB)",4.4,"21,327 Ratings & 1,375 Reviews",8 GB RAM | 256 GB ROM | Expandable Upto 2 TB,16.94 cm (6.67 inch) Full HD+ Display,50MP + 2MP | 16MP Front Camera,6000 mAh Battery,6 Gen 4 Processor,1 Year Manufacturer Warranty for Device and 6 Months Manufacturer Warranty for Inbox Accessories,"₹18,499","₹22,999",19% off,,
444,Kechaoda A26,4,"29,435 Ratings & 1,618 Reviews",32 MB RAM | 32 MB ROM | Expandable Upto 16 GB,1.68 cm (0.66 inch) QVGA Display,0MP | 0MP Front Camera,800 mAh Battery,NA Processor,,₹889,"₹1,499",40% off,Bank Offer,
445,"OnePlus 13s 5G (Black Velvet, 512 GB)",4.5,"1,050 Ratings & 79 Reviews",12 GB RAM | 512 GB ROM,16.05 cm (6.32 inch) Display,50MP Rear Camera,5850 mAh Battery,,1 Year Warranty,"₹56,240","₹62,999",10% off,Super Deals,"₹42,800"
446,"realme P3 5G (Space Silver, 128 GB)",4.4,"30,580 Ratings & 1,959 Reviews",6 GB RAM | 128 GB ROM | Expandable Upto 2 TB,16.94 cm (6.67 inch) Full HD+ Display,50MP + 2MP | 16MP Front Camera,6000 mAh Battery,6 Gen 4 Processor,1 Year Manufacturer Warranty for Device and 6 Months Manufacturer Warranty for Inbox Accessories,"₹15,999","₹19,999",20% off,,"₹12,550"
447,Kechaoda A26,4,"29,435 Ratings & 1,618 Reviews",32 MB RAM | 32 MB ROM | Expandable Upto 16 GB,1.68 cm (0.66 inch) Display,,800 mAh Battery,,,₹889,"₹1,499",40% off,Bank Offer,
448,"IQOO Neo 10R 5G (Raging Blue, 128 GB)",4.5,"4,577 Ratings & 295 Reviews",8 GB RAM | 128 GB ROM,17.22 cm (6.78 inch) Display,50MP Rear Camera,6400 mAh Battery,,1 Year Manufacturer Warranty for Phone and 6 Months Warranty for In the Box Accessories,"₹26,050","₹31,999",18% off,Bank Offer,"₹20,550"
449,"OnePlus 13s 5G (Black Velvet, 256 GB)",4.5,"1,050 Ratings & 79 Reviews",12 GB RAM | 256 GB ROM,16.05 cm (6.32 inch) Display,50MP Rear Camera,5850 mAh Battery,,1 Year Warranty,"₹52,999","₹57,999",8% off,Bank Offer,"₹42,600"
450,"Motorola Edge 50 Fusion (Hot Pink, 256 GB)",4.4,"1,70,275 Ratings & 11,360 Reviews",12 GB RAM | 256 GB ROM,17.02 cm (6.7 inch) Full HD+ Display,50MP + 13MP | 32MP Front Camera,5000 mAh Battery,7s Gen 2 Processor,,"₹20,999","₹27,999",25% off,Bank Offer,"₹16,650"
451,"Samsung Galaxy S24 5G Snapdragon (Marble Gray, 128 GB)",4.6,"40,708 Ratings & 2,259 Reviews",8 GB RAM | 128 GB ROM,15.75 cm (6.2 inch) Full HD+ Display,50MP + 12MP | 12MP Front Camera,4000 mAh Battery,8 Gen 3 Processor,1 Year Manufacturer Warranty for Device and 6 Months for In-Box Accessories,"₹47,999","₹74,999",36% off,Super Deals,"₹38,000"
452,"Infinix NOTE 50s 5G+ 45W Charger In the Box & AI (Mystic Plum, 128 GB)",4.4,"7,376 Ratings & 479 Reviews",6 GB RAM | 128 GB ROM,17.22 cm (6.78 inch) Full HD+ Display,64MP + 2MP | 13MP Front Camera,5500 mAh Battery,Dimensity 7300 Ultimate Processor,1 Year Warranty for Handset and 6 Months Warranty for Accessories,"₹15,999","₹19,999",20% off,Bank Offer,"₹12,550"
453,"OnePlus 13s 5G (Pink Satin, 256 GB)",4.5,"1,050 Ratings & 79 Reviews",12 GB RAM | 256 GB ROM,16.05 cm (6.32 inch) Display,50MP Rear Camera,5850 mAh Battery,,1 Year Warranty,"₹52,199","₹57,999",10% off,Bank Offer,"₹41,400"
454,"realme 14x 5G (Jewel Red, 128 GB)",4.3,"13,350 Ratings & 663 Reviews",6 GB RAM | 128 GB ROM | Expandable Upto 2 TB,16.94 cm (6.67 inch) HD+ Display,50MP Rear Camera | 8MP Front Camera,6000 mAh Battery,Dimensity 6300 Processor,1 Year Manufacturer Warranty for Device and 6 Months Manufacturer Warranty for Inbox Accessories,"₹14,999","₹16,999",11% off,Bank Offer,"₹11,750"
455,"realme 14x 5G (Crystal Black, 128 GB)",4.4,"7,923 Ratings & 402 Reviews",8 GB RAM | 128 GB ROM | Expandable Upto 2 TB,16.94 cm (6.67 inch) HD+ Display,50MP Rear Camera | 8MP Front Camera,6000 mAh Battery,Dimensity 6300 Processor,1 Year Manufacturer Warranty for Device and 6 Months Manufacturer Warranty for Inbox Accessories,"₹15,999","₹17,999",11% off,Bank Offer,"₹12,550"
456,"realme 14x 5G (Golden Glow, 128 GB)",4.4,"7,923 Ratings & 402 Reviews",8 GB RAM | 128 GB ROM | Expandable Upto 2 TB,16.94 cm (6.67 inch) HD+ Display,50MP Rear Camera | 8MP Front Camera,6000 mAh Battery,Dimensity 6300 Processor,1 Year Manufacturer Warranty for Device and 6 Months Manufacturer Warranty for Inbox Accessories,"₹15,999","₹17,999",11% off,Bank Offer,"₹12,550"
457,"REDMI 14C 5G (Stargaze Black, 128 GB)",4.2,"7,758 Ratings & 387 Reviews",4 GB RAM | 128 GB ROM | Expandable Upto 1 TB,17.48 cm (6.88 inch) HD+ Display,50MP Rear Camera | 8MP Front Camera,5160 mAh Battery,4 Gen 2 5G Processor,1 Year Manufacturer Warranty for Phone and 6 Months Warranty for In the Box Accessories,"₹9,389","₹13,999",32% off,Bank Offer,
458,"IQOO Z10R 5G (Moonstone, 256 GB)",4.2,198 Ratings & 14 Reviews,12 GB RAM | 256 GB ROM,17.2 cm (6.77 inch) Display,50MP Rear Camera,5700 mAh Battery,,1 Year Warranty,"₹22,968","₹26,999",14% off,Bank Offer,"₹17,850"
459,"REDMI 13 5G (Orchid Pink, 128 GB)",4.2,"13,467 Ratings & 727 Reviews",8 GB RAM | 128 GB ROM,17.25 cm (6.79 inch) Full HD+ Display,108MP Rear Camera,5030 mAh Battery,Qualcomm SM4450 Snapdragon 4 Gen 2 AE (4 nm) Processor,,"₹12,218","₹19,999",38% off,Super Deals,"₹9,450"
460,"LAVA Storm Play 5G (Dune Titanium, 128 GB)",4.3,80 Ratings & 6 Reviews,6 GB RAM | 128 GB ROM,17.02 cm (6.7 inch) Display,50MP Rear Camera,5000 mAh Battery,,1 Year Handset Warranty and 6 Months Warranty on Accessories,"₹10,349","₹13,499",23% off,Bank Offer,
461,"Apple iPhone 16 Pro (Black Titanium, 256 GB)",4.7,"26,630 Ratings & 1,151 Reviews",,16.0 cm (6.3 inch) Super Retina XDR Display,48MP + 48MP + 12MP | 12MP Front Camera,,"A18 Pro Chip, 6 Core Processor Processor",,"₹1,19,900",,,Bank Offer,"₹55,250"
462,"Infinix Note 50s 5G+ 45W Charger In the Box & AI (Marine Drift, 128 GB)",4.4,"23,196 Ratings & 2,005 Reviews",8 GB RAM | 128 GB ROM,17.22 cm (6.78 inch) Full HD+ Display,64MP + 2MP | 13MP Front Camera,5500 mAh Battery,Dimensity 7300 Ultimate Processor,1 Year Warranty for Handset and 6 Months Warranty for Accessories,"₹16,999","₹21,999",22% off,Bank Offer,"₹13,400"
463,"POCO X7 Pro 5G (Nebula Green, 256 GB)",4.4,"7,222 Ratings & 737 Reviews",12 GB RAM | 256 GB ROM,16.94 cm (6.67 inch) Display,50MP + 8MP | 20MP Front Camera,6550 mAh Battery,Dimensity D8400 Ultra Processor,1 Year Manufacturer Warranty for Phone and 6 Months Warranty for In the Box Accessories,"₹23,999","₹33,999",29% off,Bank Offer,"₹18,800"
464,"REDMI 13 5G (Black Diamond, 128 GB)",4.3,"47,703 Ratings & 2,376 Reviews",6 GB RAM | 128 GB ROM,17.25 cm (6.79 inch) Full HD+ Display,108MP Rear Camera,5030 mAh Battery,Qualcomm SM4450 Snapdragon 4 Gen 2 AE (4 nm) Processor,,"₹11,989","₹17,999",33% off,Bank Offer,"₹9,300"
465,itel Ace2 Power,4.1,587 Ratings & 33 Reviews,32 MB RAM | 32 MB ROM | Expandable Upto 32 GB,4.57 cm (1.8 inch) Display,,2500 mAh Battery,,12+1 Months Domestic Warranty for device 6 months for accessories,"₹1,149","₹1,399",17% off,Bank Offer,
466,"Apple iPhone 16 Plus (White, 256 GB)",4.6,"3,922 Ratings & 208 Reviews",,17.02 cm (6.7 inch) Super Retina XDR Display,48MP + 12MP | 12MP Front Camera,,"A18 Chip, 6 Core Processor Processor",,"₹86,999","₹89,900",3% off,,"₹55,250"
467,"Samsung Galaxy A16 5G (Light Green, 128 GB)",4.2,"3,644 Ratings & 161 Reviews",6 GB RAM | 128 GB ROM,17.02 cm (6.7 inch) Full HD+ Display,50MP + 5MP + 2MP | 13MP Front Camera,5000 mAh Battery,Dimensity 6300 Processor,1 Year Manufacturer Warranty for Device and 6 Months for Inbox Accessories,"₹13,800","₹19,999",30% off,Bank Offer,"₹10,750"
468,"IQOO Neo 10 (Titanium Chrome, 256 GB)",4.5,702 Ratings & 50 Reviews,12 GB RAM | 256 GB ROM,17.22 cm (6.78 inch) Full HD+ E3 Super AMOLED Display,50MP + 50MP + 8MP | 32MP + 32MP Dual Front Camera,7000 mAh Battery,Qualcomm Processor,,"₹37,990","₹40,999",7% off,Bank Offer,"₹29,500"
469,"Samsung M06 5G (Sage Green, 128 GB)",3.9,477 Ratings & 30 Reviews,6 GB RAM | 128 GB ROM,17.02 cm (6.7 inch) Display,50MP Rear Camera,5000 mAh Battery,,1 Year Manufacturer Warranty for Phone and 6 Months Warranty for In the Box Accessories,"₹10,788","₹13,999",22% off,Super Deals,"₹8,350"
470,"realme 14 Pro+ 5G (Pearl White, 512 GB)",4.4,"7,948 Ratings & 877 Reviews",12 GB RAM | 512 GB ROM,17.35 cm (6.83 inch) Display,50MP + 50MP + 8MP | 32MP Front Camera,6000 mAh Battery,7s Gen 3 Mobile Platform Processor,1 Year Manufacturer Warranty for Device and 6 Months Manufacturer Warranty for Inbox Accessories,"₹29,999","₹39,999",25% off,Super Deals,"₹23,700"
471,"Samsung Galaxy A35 5G (Awesome Iceblue, 256 GB)",4.4,"56,687 Ratings & 3,337 Reviews",8 GB RAM | 256 GB ROM | Expandable Upto 1 TB,16.76 cm (6.6 inch) Full HD+ Display,50MP + 8MP + 5MP | 13MP Front Camera,5000 mAh Battery,Samsung Exynos 1380 Processor,1 Year Manufacturer Warranty for Device and 6 Months for In-Box Accessories,"₹23,999","₹36,999",35% off,Bank Offer,"₹18,800"
472,Kechaoda A27,4,"15,513 Ratings & 856 Reviews",32 MB RAM | 32 MB ROM | Expandable Upto 16 GB,1.68 cm (0.66 inch) NA Display,0.5MP | 0MP Front Camera,800 mAh Battery,NA Processor,,₹884,"₹1,499",41% off,Bank Offer,
473,LAVA Hero Shakti 2025,4.1,"2,520 Ratings & 153 Reviews",,4.57 cm (1.8 inch) QVGA Display,0MP | 0MP Front Camera,800 mAh Battery,Mtk Processor,Brand Warranty of 1 Year Available for Mobile and 6 Months for Battery and Accessories,₹935,"₹1,199",22% off,Bank Offer,
474,"POCO C71 - Locked with Airtel Prepaid (Desert Gold, 64 GB)",3.8,"46,431 Ratings & 2,129 Reviews",4 GB RAM | 64 GB ROM | Expandable Upto 2 TB,17.48 cm (6.88 inch) HD+ Display,32MP Rear Camera | 8MP Front Camera,5200 mAh Battery,Unisoc T7250 Max clock speed: 2 x A75@1.8GHz 6 x A55@1.6GHz Processor,1 Year Manufacturer Warranty for Phone and 6 Months Warranty for In the Box Accessories,"₹5,749","₹8,999",36% off,Bank Offer,"₹4,250"
475,"realme P4 Pro 5G (Birch Wood, 128 GB)",4.4,"13,337 Ratings & 1,122 Reviews",8 GB RAM | 128 GB ROM,17.27 cm (6.8 inch) Display,50MP + 8MP | 50MP Front Camera,7000 mAh Battery,Snapdragon 7 Gen 4 Mobile Processor,1 Year Manufacturer Warranty for Device and 6 Months Manufacturer Warranty for Inbox Accessories,"₹22,999","₹28,999",20% off,Bank Offer,"₹17,850"
476,"Motorola g45 5G (Pink Lavender, 128 GB)",4.3,"2,42,645 Ratings & 12,087 Reviews",8 GB RAM | 128 GB ROM | Expandable Upto 1 TB,16.51 cm (6.5 inch) HD+ Display,50MP + 2MP | 16MP Front Camera,5000 mAh Battery,Snapdragon 6s Gen 3 Processor,1 Year Warranty on Handset and 6 Months Warranty on Accessories,"₹11,999","₹14,999",20% off,Bank Offer,"₹9,300"
477,"Samsung Galaxy F16 5G (Vibing Blue, 128 GB)",4.2,"3,237 Ratings & 200 Reviews",8 GB RAM | 128 GB ROM,16.91 cm (6.657 inch) Full HD+ Display,50MP + 5MP + 2MP | 13MP Front Camera,5000 mAh Battery,Dimensity 6300 Processor,1 Year Manufacturer Warranty for Device and 6 Months for In-Box Accessories,"₹15,499","₹18,999",18% off,Super Deals,"₹12,150"
478,Kechaoda A27,4,"15,513 Ratings & 856 Reviews",32 MB RAM | 32 MB ROM | Expandable Upto 16 GB,1.68 cm (0.66 inch) QVGA Display,0MP | 0MP Front Camera,800 mAh Battery,NA Processor,1 Year Company Domestic Warranty by Company Authorized Service Center.,₹873,"₹1,499",41% off,Bank Offer,
479,"Google Pixel 10 (Indigo, 256 GB)",4.5,828 Ratings & 63 Reviews,12 GB RAM | 256 GB ROM,16.0 cm (6.3 inch) Quad HD+ Display,48MP + 13MP + 10.8MP | 10.5MP Front Camera,4970 mAh Battery,Tensor G5 Processor,1 Year Domestic Warranty,"₹79,999",,,Bank Offer,"₹55,250"
480,"Samsung Galaxy A35 5G (Awesome Navy, 128 GB)",4.4,"56,687 Ratings & 3,337 Reviews",8 GB RAM | 128 GB ROM | Expandable Upto 1 TB,16.76 cm (6.6 inch) Full HD+ Display,50MP + 8MP + 5MP | 13MP Front Camera,5000 mAh Battery,Samsung Exynos 1380 Processor,1 Year Manufacturer Warranty for Device and 6 Months for In-Box Accessories,"₹21,999","₹33,999",35% off,Bank Offer,"₹17,400"
481,"REDMI 14C 5G (Starlight Blue, 64 GB)",4.2,"7,758 Ratings & 387 Reviews",4 GB RAM | 64 GB ROM | Expandable Upto 1 TB,17.48 cm (6.88 inch) HD+ Display,50MP Rear Camera | 8MP Front Camera,5160 mAh Battery,4 Gen 2 5G Processor,1 Year Manufacturer Warranty for Phone and 6 Months Warranty for In the Box Accessories,"₹9,499","₹12,999",26% off,Bank Offer,
482,"Samsung Galaxy A06 5G (Black, 64 GB)",4.1,"2,009 Ratings & 127 Reviews",4 GB RAM | 64 GB ROM,17.02 cm (6.7 inch) HD+ Display,50MP + 2MP | 8MP Front Camera,5000 mAh Li-ion Battery,Dimensity 6300 Processor,1 Year Manufacturer Warranty for Device and 6 Months for In-Box Accessories,"₹8,904","₹11,999",25% off,Super Deals,"₹6,800"
483,"Tecno Pova Curve 5G (Magic Silver, 128 GB)",4.4,"1,797 Ratings & 194 Reviews",6 GB RAM | 128 GB ROM,17.22 cm (6.78 inch) Display,64MP Rear Camera | 13MP Front Camera,5500 mAh Battery,Dimensity 7300 Ultimate Processor,1 Year Manufacturer Warranty for Handset,"₹15,999","₹18,999",15% off,Bank Offer,"₹12,550"
484,"KARBONN K2Stylo,Dual SIM Keypad Mobile 2.4''LCD 1750mAh Battery Type C Memory Card 32GB",4.2,121 Ratings & 9 Reviews,35 MB RAM | 45 MB ROM | Expandable Upto 32 GB,6.1 cm (2.4 inch) FWVGA Display,0.5MP Rear Camera | 0.5MP Front Camera,1750 mAh Battery,NA Processor,,"₹1,323","₹1,790",26% off,Bank Offer,
485,"KARBONN K2Stylo,Dual SIM Keypad Mobile 2.4''LCD 1750mAh Battery Type C Memory Card 32GB",4.2,121 Ratings & 9 Reviews,35 MB RAM | 45 MB ROM | Expandable Upto 32 GB,6.1 cm (2.4 inch) FWVGA Display,0.5MP Rear Camera | 0.5MP Front Camera,1750 mAh Battery,NA Processor,,"₹1,323","₹1,790",26% off,Bank Offer,
486,"LAVA Bold N1 Pro (Titanium Gold, 128 GB)",4,174 Ratings & 12 Reviews,4 GB RAM | 128 GB ROM,16.76 cm (6.6 inch) Display,50MP Rear Camera,5000 mAh Battery,,1 Year Handset Warranty and 6 Months Warranty on Accessories,"₹7,398","₹8,399",11% off,Bank Offer,
487,"Motorola g45 5G (Pantone Moss, 128 GB)",4.3,"2,42,645 Ratings & 12,087 Reviews",8 GB RAM | 128 GB ROM | Expandable Upto 1 TB,16.51 cm (6.5 inch) HD+ Display,50MP + 2MP | 16MP Front Camera,5000 mAh Battery,Snapdragon 6s Gen 3 Processor,1 Year Warranty on Handset and 6 Months Warranty on Accessories,"₹11,999","₹14,999",20% off,Bank Offer,"₹9,300"
488,"Google Pixel 10 (Indigo, 256 GB)",4.5,828 Ratings & 63 Reviews,12 GB RAM | 256 GB ROM,16.0 cm (6.3 inch) Quad HD+ Display,48MP + 13MP + 10.8MP | 10.5MP Front Camera,4970 mAh Battery,Tensor G5 Processor,1 Year Domestic Warranty,"₹79,999",,,Bank Offer,"₹55,250"
489,"REDMI A3X (Ocean Green, 64 GB)",4.1,"9,422 Ratings & 392 Reviews",4 GB RAM | 64 GB ROM | Expandable Upto 1 TB,17.04 cm (6.71 inch) HD+ Display,8MP Rear Camera | 5MP Front Camera,5000 mAh Battery,,1 Year Manufacturer Warranty for Phone and 6 Months Warranty for In the Box Accessories,"₹6,890","₹10,499",34% off,Bank Offer,
490,"Tecno Pova Curve 5G (Neon Cyan, 128 GB)",4.4,"1,797 Ratings & 194 Reviews",6 GB RAM | 128 GB ROM,17.22 cm (6.78 inch) Display,64MP Rear Camera | 13MP Front Camera,5500 mAh Battery,Dimensity 7300 Ultimate Processor,1 Year Manufacturer Warranty for Handset,"₹15,999","₹18,999",15% off,Bank Offer,"₹12,550"
491,"Tecno Pova Curve 5G (Geek Black, 128 GB)",4.3,"1,145 Ratings & 124 Reviews",8 GB RAM | 128 GB ROM,17.22 cm (6.78 inch) Display,64MP Rear Camera | 13MP Front Camera,5500 mAh Battery,Dimensity 7300 Ultimate Processor,1 Year Manufacturer Warranty for Handset,"₹17,999","₹19,999",10% off,Bank Offer,"₹14,050"
492,"Samsung Galaxy F06 5G (Lit Violet, 64 GB)",4.1,"34,383 Ratings & 2,062 Reviews",4 GB RAM | 64 GB ROM | Expandable Upto 1500 GB,17.02 cm (6.7 inch) HD+ Display,50MP + 2MP | 8MP Front Camera,5000 mAh Battery,Dimensity 6300 Processor,1 Year Manufacturer Warranty for Device and 6 Months for In-Box Accessories,"₹8,999","₹12,499",28% off,Super Deals,"₹6,900"
493,"Samsung Galaxy S25 5G (Silver Shadow, 256 GB)",4.6,"2,651 Ratings & 303 Reviews",12 GB RAM | 256 GB ROM,15.75 cm (6.2 inch) Full HD+ Display,50MP + 10MP + 12MP | 12MP Front Camera,4000 mAh Battery,8 Elite Processor,1 Year Manufacturer Warranty for Device and 6 Months for In-Box Accessories,"₹80,999",,,Bank Offer,"₹55,250"
494,"Infinix Hot 60 5G+ (Tundra Green, 128 GB)",4.3,"2,173 Ratings & 123 Reviews",6 GB RAM | 128 GB ROM,17.02 cm (6.7 inch) HD+ Display,50MP Rear Camera | 8MP Front Camera,5200 mAh Battery,Dimensity 7020 Processor,1 Year Manufacturer Warranty for Device and 6 Months Manufacturer Warranty for Inbox Accessories,"₹10,499","₹13,999",25% off,Bank Offer,"₹8,000"
495,"Infinix Hot 60 5G+ (Caramel Glow, 128 GB)",4.3,"2,173 Ratings & 123 Reviews",6 GB RAM | 128 GB ROM,17.02 cm (6.7 inch) HD+ Display,50MP Rear Camera | 8MP Front Camera,5200 mAh Battery,Dimensity 7020 Processor,1 Year Manufacturer Warranty for Device and 6 Months Manufacturer Warranty for Inbox Accessories,"₹10,499","₹13,999",25% off,Bank Offer,"₹8,000"
496,"Infinix Hot 60 5G+ (Sleek Black, 128 GB)",4.3,"2,173 Ratings & 123 Reviews",6 GB RAM | 128 GB ROM,17.02 cm (6.7 inch) HD+ Display,50MP Rear Camera | 8MP Front Camera,5200 mAh Battery,Dimensity 7020 Processor,1 Year Manufacturer Warranty for Device and 6 Months Manufacturer Warranty for Inbox Accessories,"₹10,499","₹13,999",25% off,,"₹8,000"
497,Kechaoda A27,4,"15,513 Ratings & 856 Reviews",32 MB RAM | 32 MB ROM | Expandable Upto 16 GB,1.68 cm (0.66 inch) FWVGA+ Display,,800 mAh Battery,,,₹879,"₹1,499",41% off,Bank Offer,
498,"Google Pixel 10 (Frost, 256 GB)",4.5,828 Ratings & 63 Reviews,12 GB RAM | 256 GB ROM,16.0 cm (6.3 inch) Quad HD+ Display,48MP + 13MP + 10.8MP | 10.5MP Front Camera,4970 mAh Battery,Tensor G5 Processor,1 Year Domestic Warranty,"₹79,999",,,Bank Offer,"₹55,250"
499,"REDMI A3X (Ocean Green, 128 GB)",4.1,"9,422 Ratings & 392 Reviews",4 GB RAM | 128 GB ROM | Expandable Upto 1 TB,17.04 cm (6.71 inch) HD+ Display,8MP Rear Camera | 5MP Front Camera,5000 mAh Battery,,1 Year Manufacturer Warranty for Phone and 6 Months Warranty for In the Box Accessories,"₹6,499","₹10,999",40% off,Bank Offer,"₹4,900"
500,"REDMI A3X (Ocean Green, 64 GB)",4,"12,837 Ratings & 561 Reviews",3 GB RAM | 64 GB ROM | Expandable Upto 1 TB,17.04 cm (6.71 inch) HD+ Display,8MP Rear Camera | 5MP Front Camera,5000 mAh Battery,,1 Year Manufacturer Warranty for Phone and 6 Months Warranty for In the Box Accessories,"₹6,699","₹9,999",33% off,Bank Offer,"₹5,000"
501,"REDMI A3X (Midnight Black, 64 GB)",4,"12,837 Ratings & 561 Reviews",3 GB RAM | 64 GB ROM | Expandable Upto 1 TB,17.04 cm (6.71 inch) HD+ Display,8MP Rear Camera | 5MP Front Camera,5000 mAh Battery,,1 Year Manufacturer Warranty for Phone and 6 Months Warranty for In the Box Accessories,"₹6,699","₹9,999",33% off,Bank Offer,"₹5,000"
502,"Samsung M36 5G (Velvet Black / Black, 128 GB)",4.1,177 Ratings & 6 Reviews,8 GB RAM | 128 GB ROM,17.02 cm (6.7 inch) Display,50MP Rear Camera,5000 mAh Battery,,1 Year Warranty,"₹16,343","₹24,499",33% off,Bank Offer,"₹12,850"
503,"Tecno Pova 7 5G (Oasis Green, 256 GB)",4.4,"7,053 Ratings & 539 Reviews",8 GB RAM | 256 GB ROM,17.22 cm (6.78 inch) Full HD+ Display,50MP + AI | 13MP Front Camera,6000 mAh Battery,Dimensity 7300 Ultimate Processor,1 Year Manufacturer Warranty for Phone,"₹15,999","₹19,999",20% off,,"₹12,550"
504,"Motorola Edge 50 Fusion (Marshmallow Blue, 256 GB)",4.4,"1,70,275 Ratings & 11,360 Reviews",12 GB RAM | 256 GB ROM,17.02 cm (6.7 inch) Full HD+ Display,50MP + 13MP | 32MP Front Camera,5000 mAh Battery,7s Gen 2 Processor,,"₹20,999","₹27,999",25% off,Bank Offer,"₹16,650"
505,"LAVA A5 2023 Keypad Mobile, LED Torch, FM Radio,Call Recording, Expandable Upto 32 GB",3.9,438 Ratings & 23 Reviews,32 MB RAM | 24 MB ROM | Expandable Upto 32 GB,6.1 cm (2.4 inch) QVGA Display,0.3MP Rear Camera,1000 mAh Battery,,Brand Warranty of 1 Year Available for Mobile and 6 Months for Battery and Accessories,₹987,"₹1,699",41% off,Super Deals,
506,"Tecno Pova 7 5G (Magic Silver, 128 GB)",4.4,"7,053 Ratings & 539 Reviews",8 GB RAM | 128 GB ROM,17.22 cm (6.78 inch) Full HD+ Display,50MP + AI | 13MP Front Camera,6000 mAh Battery,Dimensity 7300 Ultimate Processor,1 Year Manufacturer Warranty for Phone,"₹13,749","₹18,999",27% off,Bank Offer,"₹10,750"
507,"IQOO Z10 5G (Stellar Black / Black, 128 GB)",4.4,"4,067 Ratings & 195 Reviews",8 GB RAM | 128 GB ROM,17.02 cm (6.7 inch) Display,50MP Rear Camera,7300 mAh Battery,,1 Year Warranty on Handset and 6 Months Warranty on Accessories,"₹20,234","₹25,999",22% off,Super Deals,"₹16,050"
508,Kechaoda K28,4,"5,134 Ratings & 378 Reviews",32 MB RAM | 64 MB ROM | Expandable Upto 16 GB,6.1 cm (2.4 inch) QVGA Display,0.3MP Rear Camera,1700 mAh Battery,,1 Year Manufacturer Warranty,"₹1,290","₹1,390",7% off,Bank Offer,
509,Jmax Blink Flip,3.4,61 Ratings & 4 Reviews,32 MB RAM | 32 MB ROM,6.1 cm (2.4 inch) Display,1MP Rear Camera,2500 mAh Battery,,1 Year Domestic Warranty 7698174900,₹999,"₹1,999",50% off,Bank Offer,
510,"REDMI A3X (Starry White, 128 GB)",4.1,"9,422 Ratings & 392 Reviews",4 GB RAM | 128 GB ROM | Expandable Upto 1 TB,17.04 cm (6.71 inch) HD+ Display,8MP Rear Camera | 5MP Front Camera,5000 mAh Battery,,1 Year Manufacturer Warranty for Phone and 6 Months Warranty for In the Box Accessories,"₹7,190","₹10,999",34% off,Bank Offer,
511,"Samsung Galaxy S24 Ultra 5G (Titanium Violet, 256 GB)",4.6,"7,007 Ratings & 525 Reviews",12 GB RAM | 256 GB ROM,17.27 cm (6.8 inch) Quad HD+ Display,200MP + 50MP + 12MP + 10MP | 12MP Front Camera,5000 mAh Battery,Snapdragon 8 Gen 3 Processor,1 Year Manufacturer Warranty for Device and 6 Months for In-Box Accessories,"₹89,802","₹1,34,999",33% off,Bank Offer,"₹55,250"
512,"OPPO F29 Pro 5G (Granite Black, 128 GB)",4.4,"1,647 Ratings & 121 Reviews",8 GB RAM | 128 GB ROM,17.02 cm (6.7 inch) Full HD+ Display,50MP + 2MP | 16MP Front Camera,6000 mAh Battery,Dimensity 7300 Processor,1 Year Warranty on Handset and 6 Months Warranty on Accessories,"₹20,478","₹32,999",37% off,Super Deals,"₹16,100"
513,"Samsung Galaxy F06 5G (Bahama Blue, 64 GB)",4.1,"34,383 Ratings & 2,062 Reviews",4 GB RAM | 64 GB ROM | Expandable Upto 1500 GB,17.02 cm (6.7 inch) HD+ Display,50MP + 2MP | 8MP Front Camera,5000 mAh Battery,Dimensity 6300 Processor,1 Year Manufacturer Warranty for Device and 6 Months for In-Box Accessories,"₹8,999","₹12,499",28% off,Bank Offer,"₹6,900"
514,HOTLINE ZEUS 50,4,54 Ratings & 2 Reviews,32 MB RAM | 32 MB ROM | Expandable Upto 16 GB,4.57 cm (1.8 inch) NA Display,1.3MP + 0MP | 0MP Front Camera,3000 mAh Battery,NA Processor,3 Months Domestic Warranty,₹599,₹999,40% off,Bank Offer,
515,"IQOO Z10R 5G (Aquamarine, 256 GB)",4.2,198 Ratings & 14 Reviews,12 GB RAM | 256 GB ROM,17.2 cm (6.77 inch) Display,50MP Rear Camera,5700 mAh Battery,,1 Year Warranty,"₹22,947","₹26,999",15% off,Bank Offer,"₹17,850"
516,Jio Bharat V-4 -4g Phone,3.8,97 Ratings & 4 Reviews,24 MB RAM | 24 MB ROM | Expandable Upto 128 GB,4.5 cm (1.77 inch) VGA Display,,1000 mAh Battery,mediatek Processor,,₹765,"₹1,899",59% off,Bank Offer,
517,"OPPO F29 Pro 5G (Granite Black, 256 GB)",4.4,939 Ratings & 43 Reviews,12 GB RAM | 256 GB ROM,17.02 cm (6.7 inch) Full HD+ Display,50MP + 2MP | 16MP Front Camera,6000 mAh Battery,Dimensity 7300 Processor,1 Year Warranty on Handset and 6 Months Warranty on Accessories,"₹22,999","₹36,999",37% off,,"₹17,850"
518,"realme 14 Pro+ 5G (Bikaner Purple, 256 GB)",4.4,"15,044 Ratings & 1,830 Reviews",8 GB RAM | 256 GB ROM,17.35 cm (6.83 inch) Display,50MP + 50MP + 8MP | 32MP Front Camera,6000 mAh Battery,7s Gen 3 Mobile Platform Processor,1 Year Manufacturer Warranty for Device and 6 Months Manufacturer Warranty for Inbox Accessories,"₹28,999","₹35,999",19% off,Bank Offer,"₹22,950"
519,"Samsung M36 5G (Orange, 256 GB)",4.1,177 Ratings & 6 Reviews,8 GB RAM | 256 GB ROM,17.02 cm (6.7 inch) Display,50MP Rear Camera,5000 mAh Battery,,1 Year Warranty,"₹22,999","₹27,499",16% off,Bank Offer,
520,"Samsung Galaxy A16 5G (Gold, 128 GB)",4.2,"3,644 Ratings & 161 Reviews",6 GB RAM | 128 GB ROM,17.02 cm (6.7 inch) Full HD+ Display,50MP + 5MP + 2MP | 13MP Front Camera,5000 mAh Battery,Dimensity 6300 Processor,1 Year Manufacturer Warranty for Device and 6 Months for Inbox Accessories,"₹13,999","₹18,999",26% off,,"₹11,000"
521,"Samsung Galaxy F16 5G (Bling Black, 128 GB)",4.2,"9,367 Ratings & 545 Reviews",6 GB RAM | 128 GB ROM,16.91 cm (6.657 inch) Full HD+ Display,50MP + 5MP + 2MP | 13MP Front Camera,5000 mAh Battery,Dimensity 6300 Processor,1 Year Manufacturer Warranty for Device and 6 Months for In-Box Accessories,"₹13,999","₹17,499",20% off,Bank Offer,"₹11,000"
522,"OPPO F29 Pro 5G (Granite Black, 256 GB)",4.4,"1,647 Ratings & 121 Reviews",8 GB RAM | 256 GB ROM,17.02 cm (6.7 inch) Full HD+ Display,50MP + 2MP | 16MP Front Camera,6000 mAh Battery,Dimensity 7300 Processor,1 Year Warranty on Handset and 6 Months Warranty on Accessories,"₹21,730","₹34,999",37% off,Super Deals,"₹17,150"
523,"Samsung M36 5G (Black /Velvet Black, 256 GB)",4.1,177 Ratings & 6 Reviews,8 GB RAM | 256 GB ROM,17.02 cm (6.7 inch) Display,50MP Rear Camera,5000 mAh Battery,,1 Year Warranty,"₹21,490","₹27,499",21% off,Bank Offer,
524,"realme 14 Pro+ 5G (Pearl White, 128 GB)",4.4,"15,044 Ratings & 1,830 Reviews",8 GB RAM | 128 GB ROM,17.35 cm (6.83 inch) Display,50MP + 50MP + 8MP | 32MP Front Camera,6000 mAh Battery,7s Gen 3 Mobile Platform Processor,1 Year Manufacturer Warranty for Device and 6 Months Manufacturer Warranty for Inbox Accessories,"₹29,999","₹33,999",11% off,,"₹23,700"
525,"realme 14 Pro+ 5G (Emerald Drift, 256 GB)",4.4,"15,044 Ratings & 1,830 Reviews",8 GB RAM | 256 GB ROM,17.35 cm (6.83 inch) Display,50MP + 50MP + 8MP | 32MP Front Camera,6000 mAh Battery,7s Gen 3 Mobile Platform Processor,1 Year Manufacturer Warranty for Device and 6 Months Manufacturer Warranty for Inbox Accessories,"₹23,999","₹35,999",33% off,Super Deals,"₹18,800"
526,"Motorola e40 (Carbon Gray, 64 GB)",4.2,"91,037 Ratings & 7,763 Reviews",4 GB RAM | 64 GB ROM | Expandable Upto 1 TB,16.51 cm (6.5 inch) HD+ Display,48MP + 2MP + 2MP | 8MP Front Camera,5000 mAh Battery,UNISOC T700 Processor,,"₹5,999","₹10,999",45% off,,"₹4,450"
527,"Tecno Pova 7 5G (Geek Black, 128 GB)",4.4,"7,053 Ratings & 539 Reviews",8 GB RAM | 128 GB ROM,17.22 cm (6.78 inch) Full HD+ Display,50MP + AI | 13MP Front Camera,6000 mAh Battery,Dimensity 7300 Ultimate Processor,1 Year Manufacturer Warranty for Phone,"₹13,749","₹18,999",27% off,Bank Offer,"₹10,750"
528,itel it5262,4,"2,104 Ratings & 115 Reviews",4 MB RAM | 4 MB ROM | Expandable Upto 32 GB,6.1 cm (2.4 inch) Display,0.8MP Rear Camera,2000 mAh Battery,,,"₹1,499","₹1,599",6% off,Bank Offer,
529,"realme Narzo 80 Lite 4G (Beach Gold, 64 GB)",4.3,"1,216 Ratings & 49 Reviews",4 GB RAM | 64 GB ROM,17.12 cm (6.74 inch) HD+ Display,13MP Rear Camera,6300 mAh Battery,,1 year brand Warranty,"₹7,309","₹8,999",18% off,Bank Offer,
530,"POCO M7 Plus 5G (Aqua Blue, 128 GB)",4.3,"3,794 Ratings & 212 Reviews",6 GB RAM | 128 GB ROM | Expandable Upto 2 TB,17.53 cm (6.9 inch) Display,50MP AI Dual Camera,7000 mAh Battery,Snapdragon 6s Gen 3 5G Processor,1 Year Manufacturer Warranty for Phone and 6 Months Warranty for In the Box Accessories,"₹12,999","₹16,999",23% off,Bank Offer,"₹10,100"
531,Snexian ROCK X,3.7,"2,563 Ratings & 121 Reviews",32 MB RAM | 32 MB ROM | Expandable Upto 16 GB,4.57 cm (1.8 inch) Quarter QVGA Display,0.3MP Rear Camera,3000 mAh Battery,,3 Months Domestic Warranty,"₹1,799","₹2,999",40% off,Bank Offer,
532,"Samsung M36 5G (Serene Green / Light Green, 128 GB)",4.1,177 Ratings & 6 Reviews,8 GB RAM | 128 GB ROM,17.02 cm (6.7 inch) Display,50MP Rear Camera,5000 mAh Battery,,1 Year Warranty,"₹16,648","₹24,499",32% off,Bank Offer,"₹13,100"
533,"REDMI A3X (Midnight Black, 64 GB)",4.1,"9,422 Ratings & 392 Reviews",4 GB RAM | 64 GB ROM | Expandable Upto 1 TB,17.04 cm (6.71 inch) HD+ Display,8MP Rear Camera | 5MP Front Camera,5000 mAh Battery,,1 Year Manufacturer Warranty for Phone and 6 Months Warranty for In the Box Accessories,"₹6,750","₹10,499",35% off,Bank Offer,"₹5,100"
534,"FUZIQRA AL PRODUCTS Rock X Flip Dual Sim Keypad Mobile with 1.8""Display Flip/Fold Call & SMS",4,27 Ratings & 2 Reviews,32 MB RAM | 32 MB ROM,4.57 cm (1.8 inch) Display,0.3MP Rear Camera,3000 mAh Battery,,3 Months Domestic Warranty,"₹1,980","₹3,299",39% off,Bank Offer,
535,hmd 105 Dual Sim,3.7,"3,729 Ratings & 274 Reviews",4 MB RAM | 4 MB ROM | Expandable Upto 32 GB,5.08 cm (2 inch) Display,,1000 mAh Battery,SC6531E Processor,,"₹1,079","₹1,499",28% off,Bank Offer,
536,"Infinix Note 50s 5G+ 45W Charger In the Box & AI (Marine Drift, 256 GB)",4.4,"23,196 Ratings & 2,005 Reviews",8 GB RAM | 256 GB ROM,17.22 cm (6.78 inch) Full HD+ Display,64MP + 2MP | 13MP Front Camera,5500 mAh Battery,Dimensity 7300 Ultimate Processor,1 Year Warranty for Handset and 6 Months Warranty for Accessories,"₹18,999","₹24,999",24% off,Bank Offer,"₹14,800"
537,Nokia 105 Classic with Charger,3.4,"9,714 Ratings & 629 Reviews",32 MB RAM | 32 MB ROM,4.5 cm (1.77 inch) Display,0MP Front Camera,800 mAh Battery,SC6531E Processor,No Warranty on this Product,"₹1,399",,,,
538,"REDMI Note 14 5G (Titan Black, 128 GB)",4.2,"2,869 Ratings & 150 Reviews",8 GB RAM | 128 GB ROM,16.94 cm (6.67 inch) Display,50MP Rear Camera,5110 mAh Battery,,,"₹14,799","₹22,999",35% off,Super Deals,"₹11,550"
539,"realme P3 Ultra 5G (Orion Red, 256 GB)",4.5,"2,856 Ratings & 283 Reviews",12 GB RAM | 256 GB ROM,17.35 cm (6.83 inch) Display,50MP + 8MP | 16MP Front Camera,6000 mAh Battery,Dimensity 8350 Ultra Processor,1 Year Manufacturer Warranty for Device and 6 Months Manufacturer Warranty for Inbox Accessories,"₹23,999","₹35,999",33% off,Super Deals,"₹18,800"
540,"MOTOROLA Edge 60 5G (PANTONE Shamrock, 256 GB)",4.3,"5,064 Ratings & 358 Reviews",12 GB RAM | 256 GB ROM | Expandable Upto 1 TB,16.94 cm (6.67 inch) Display,50MP + 50MP + 10MP | 50MP Front Camera,5500 mAh Battery,Dimensity 7400 Processor,1 Year Warranty on Handset and 6 Months Warranty on Accessories,"₹25,999","₹31,999",18% off,Bank Offer,"₹20,550"
541,"IQOO Z10 5G (Stellar Black / Black, 256 GB)",4.4,"4,067 Ratings & 195 Reviews",8 GB RAM | 256 GB ROM,17.2 cm (6.77 inch) Display,50MP Rear Camera,7300 mAh Battery,,1 Year Warranty on Handset and 6 Months Warranty on Accessories,"₹22,770","₹25,999",12% off,Bank Offer,"₹17,850"
542,"Infinix Hot 60 5G+ (Shadow Blue, 128 GB)",4.3,"2,173 Ratings & 123 Reviews",6 GB RAM | 128 GB ROM,17.02 cm (6.7 inch) HD+ Display,50MP Rear Camera | 8MP Front Camera,5200 mAh Battery,Dimensity 7020 Processor,1 Year Manufacturer Warranty for Device and 6 Months Manufacturer Warranty for Inbox Accessories,"₹10,499","₹13,999",25% off,Bank Offer,"₹8,000"
543,Kechaoda K28,4,"5,134 Ratings & 378 Reviews",32 MB RAM | 64 MB ROM | Expandable Upto 16 GB,6.1 cm (2.4 inch) QVGA Display,0.3MP Rear Camera,1700 mAh Battery,,1 Year Company Domestic Warranty by Company Authorized Service Center.,"₹1,249","₹1,499",16% off,Bank Offer,
544,"REDMI Note 14 5G (Phantom Purple, 256 GB)",4.2,"2,869 Ratings & 150 Reviews",8 GB RAM | 256 GB ROM,16.94 cm (6.67 inch) Display,50MP Rear Camera,5110 mAh Battery,,,"₹16,968","₹24,999",32% off,Super Deals,"₹13,100"
545,Kechaoda K28,4,"5,134 Ratings & 378 Reviews",32 MB RAM | 64 MB ROM | Expandable Upto 16 GB,6.1 cm (2.4 inch) QVGA Display,0.3MP Rear Camera,1700 mAh Battery,,1 Year Company Domestic Warranty by Company Authorized Service Center.,"₹1,249","₹1,700",26% off,Bank Offer,
546,"Samsung Galaxy F36 5G (Black, 256 GB)",4.2,"3,615 Ratings & 257 Reviews",8 GB RAM | 256 GB ROM | Expandable Upto 2 TB,17.02 cm (6.7 inch) Full HD+ Display,50MP + 8MP + 2MP | 13MP Front Camera,5000 mAh Battery,Samsung Exynos 1380 Processor,1 Year Manufacturer Warranty for Device and 6 Months for In-Box Accessories,"₹20,499","₹27,499",25% off,Bank Offer,"₹16,200"
547,Jio JioBharat K2 Keypad Mobile,3.6,515 Ratings & 18 Reviews,512 MB RAM | 4 GB ROM,4.5 cm (1.77 inch) Display,2MP Rear Camera,1000 mAh Battery,,1 Year Service Center Warranty,₹989,"₹1,999",50% off,Bank Offer,
548,"Samsung M36 5G (Light Green, 128 GB)",4.2,885 Ratings & 44 Reviews,6 GB RAM | 128 GB ROM,17.02 cm (6.7 inch) Display,50MP Rear Camera,5000 mAh Battery,,1 Year Warranty,"₹14,477","₹22,999",37% off,Super Deals,"₹11,250"
549,"OnePlus 13s 5G (Green Silk, 256 GB)",4.5,"1,050 Ratings & 79 Reviews",12 GB RAM | 256 GB ROM,16.05 cm (6.32 inch) Display,50MP Rear Camera,5850 mAh Battery,,1 Year Warranty,"₹52,999","₹57,999",8% off,Bank Offer,"₹42,600"
550,"OPPO A3x 5G (Starry Purple, 64 GB)",4.2,"4,760 Ratings & 186 Reviews",4 GB RAM | 64 GB ROM | Expandable Upto 2 TB,16.94 cm (6.67 inch) HD+ Display,8MP Rear Camera | 5MP Front Camera,5100 mAh Battery,Dimensity 6300 Processor,1 Year Manufacturer Warranty for Device and 6 Months Manufacturer Warranty for Inbox Accessories,"₹10,480","₹14,999",30% off,Bank Offer,"₹8,000"
551,"Tecno Pova 7 5G (Oasis Green, 128 GB)",4.4,"7,053 Ratings & 539 Reviews",8 GB RAM | 128 GB ROM,17.22 cm (6.78 inch) Full HD+ Display,50MP + AI | 13MP Front Camera,6000 mAh Battery,Dimensity 7300 Ultimate Processor,1 Year Manufacturer Warranty for Phone,"₹13,749","₹18,999",27% off,Bank Offer,"₹10,750"
552,LAVA A2 Smart,4,96 Ratings & 5 Reviews,4 MB RAM | 24 MB ROM | Expandable Upto 32 GB,6.1 cm (2.4 inch) HVGA Display,1.3MP + 0MP | 0MP Front Camera,1200 mAh Battery,Mtk Processor,,"₹1,299","₹1,549",16% off,Bank Offer,
553,"Samsung Galaxy F06 5G (Bahama Blue, 128 GB)",4.1,"34,383 Ratings & 2,062 Reviews",4 GB RAM | 128 GB ROM | Expandable Upto 1500 GB,17.02 cm (6.7 inch) HD+ Display,50MP + 2MP | 8MP Front Camera,5000 mAh Battery,Dimensity 6300 Processor,1 Year Manufacturer Warranty for Device and 6 Months for In-Box Accessories,"₹9,999","₹13,999",28% off,Bank Offer,"₹7,700"
554,"Samsung Galaxy F16 5G (Bling Black, 128 GB)",4.2,"3,237 Ratings & 200 Reviews",8 GB RAM | 128 GB ROM,16.91 cm (6.657 inch) Full HD+ Display,50MP + 5MP + 2MP | 13MP Front Camera,5000 mAh Battery,Dimensity 6300 Processor,1 Year Manufacturer Warranty for Device and 6 Months for In-Box Accessories,"₹15,499","₹18,999",18% off,Bank Offer,"₹12,150"
555,"Apple iPhone 17 Pro Max (Silver, 512 GB)",4.8,261 Ratings & 27 Reviews,,17.53 cm (6.9 inch) Super Retina XDR Display,48MP + 48MP + 48MP | 18MP Front Camera,,"A19 Chip, 6 Core Processor Processor",Apple One (1) Year Limited Warranty,"₹1,69,900",,,Bank Offer,"₹55,250"
556,"Samsung M36 5G (Orange Haze / Orange, 128 GB)",4.2,885 Ratings & 44 Reviews,6 GB RAM | 128 GB ROM,17.02 cm (6.7 inch) Display,50MP Rear Camera,5000 mAh Battery,,1 Year Warranty,"₹15,490","₹22,999",32% off,Bank Offer,"₹12,150"
557,"REDMI Note 14 5G (Mystique White, 128 GB)",4.2,"2,869 Ratings & 150 Reviews",8 GB RAM | 128 GB ROM,16.94 cm (6.67 inch) Display,50MP Rear Camera,5110 mAh Battery,,,"₹15,187","₹22,999",33% off,Super Deals,"₹11,900"
558,"REDMI Note 14 5G (Titan Black, 256 GB)",4.2,"2,869 Ratings & 150 Reviews",8 GB RAM | 256 GB ROM,16.94 cm (6.67 inch) Display,50MP Rear Camera,5110 mAh Battery,,,"₹16,900","₹22,999",26% off,Super Deals,"₹13,100"
559,"Samsung Galaxy M35 5G (Thunder Grey, 128 GB)",4.3,"5,372 Ratings & 347 Reviews",8 GB RAM | 128 GB ROM,16.76 cm (6.6 inch) Display,50MP Rear Camera,6000 mAh Battery,,,"₹17,669","₹25,999",32% off,Bank Offer,"₹13,800"
560,"Tecno Pova Curve 5G (Geek Black, 128 GB)",4.4,"1,797 Ratings & 194 Reviews",6 GB RAM | 128 GB ROM,17.22 cm (6.78 inch) Display,64MP Rear Camera | 13MP Front Camera,5500 mAh Battery,Dimensity 7300 Ultimate Processor,1 Year Manufacturer Warranty for Handset,"₹15,999","₹18,999",15% off,Bank Offer,"₹12,550"
561,"Samsung M36 5G (Light green/Serene Green, 256 GB)",4.1,177 Ratings & 6 Reviews,8 GB RAM | 256 GB ROM,17.02 cm (6.7 inch) Display,50MP Rear Camera,5000 mAh Battery,,1 Year Warranty,"₹22,988","₹27,499",16% off,Bank Offer,
562,"Samsung Galaxy S25 5G (Mint, 256 GB)",4.6,"2,651 Ratings & 303 Reviews",12 GB RAM | 256 GB ROM,15.75 cm (6.2 inch) Full HD+ Display,50MP + 10MP + 12MP | 12MP Front Camera,4000 mAh Battery,8 Elite for Galaxy Processor,1 Year Manufacturer Warranty for Device and 6 Months for In-Box Accessories,"₹80,999",,,Bank Offer,"₹55,250"
563,"realme P3 Ultra 5G (Glowing Lunar White, 256 GB)",4.5,"2,856 Ratings & 283 Reviews",12 GB RAM | 256 GB ROM,17.35 cm (6.83 inch) Display,50MP + 8MP | 16MP Front Camera,6000 mAh Battery,Dimensity 8350 Ultra Processor,1 Year Manufacturer Warranty for Device and 6 Months Manufacturer Warranty for Inbox Accessories,"₹23,999","₹35,999",33% off,Super Deals,"₹18,800"
564,"OPPO A5x (Midnight Blue, 64 GB)",4.3,31 Ratings & 3 Reviews,4 GB RAM | 64 GB ROM,16.94 cm (6.67 inch) Display,32MP Rear Camera | 5MP Front Camera,6000 mAh Battery,6s 4G Gen 1 Processor,1 Year Manufacturer Warranty for Device and 6 Months Manufacturer Warranty for Inbox Accessories,"₹8,999","₹12,999",30% off,,"₹6,900"
565,G'Five SHARK,3.6,709 Ratings & 44 Reviews,32 MB RAM | 32 MB ROM,4.57 cm (1.8 inch) Display,0.3MP Rear Camera,1000 mAh Battery,,3 Month Company Warranty.,₹699,"₹1,499",53% off,Super Deals,
566,HOTLINE Classic H17,3.7,100 Ratings & 4 Reviews,32 MB RAM | 32 MB ROM | Expandable Upto 16 GB,4.57 cm (1.8 inch) NA Display,0.3MP Rear Camera,1000 mAh Battery,,3 Months Manufacturer Warranty,₹480,₹999,51% off,Bank Offer,
567,"Samsung Galaxy A35 5G (Awesome Navy, 256 GB)",4.4,"56,687 Ratings & 3,337 Reviews",8 GB RAM | 256 GB ROM | Expandable Upto 1 TB,16.76 cm (6.6 inch) Full HD+ Display,50MP + 8MP + 5MP | 13MP Front Camera,5000 mAh Battery,Samsung Exynos 1380 Processor,1 Year Manufacturer Warranty for Device and 6 Months for In-Box Accessories,"₹23,999","₹36,999",35% off,Bank Offer,"₹18,800"
568,"realme P3 Ultra 5G (Neptune Blue, 256 GB)",4.5,"2,856 Ratings & 283 Reviews",12 GB RAM | 256 GB ROM,17.35 cm (6.83 inch) Display,50MP + 8MP | 16MP Front Camera,6000 mAh Battery,Dimensity 8350 Ultra Processor,1 Year Manufacturer Warranty for Device and 6 Months Manufacturer Warranty for Inbox Accessories,"₹23,999","₹35,999",33% off,Super Deals,
569,"realme 14 Pro+ 5G (Suede Grey, 128 GB)",4.4,"15,044 Ratings & 1,830 Reviews",8 GB RAM | 128 GB ROM,17.35 cm (6.83 inch) Display,50MP + 50MP + 8MP | 32MP Front Camera,6000 mAh Battery,7s Gen 3 Mobile Platform Processor,1 Year Manufacturer Warranty for Device and 6 Months Manufacturer Warranty for Inbox Accessories,"₹29,999","₹33,999",11% off,,"₹23,700"
570,"Tecno Pova Slim 5G (Cool Black, 128 GB)",4.2,546 Ratings & 48 Reviews,8 GB RAM | 128 GB ROM,17.22 cm (6.78 inch) Display,50MP + 2MP | 13MP Front Camera,5160 mAh Battery,Dimensity 6400 5G Processor,1 Year Manufacturer Warranty for Phone,"₹20,999","₹24,999",16% off,Bank Offer,"₹16,650"
571,"REDMI Note 14 5G (Phantom Purple, 128 GB)",4.2,"2,869 Ratings & 150 Reviews",8 GB RAM | 128 GB ROM,16.94 cm (6.67 inch) Display,50MP Rear Camera,5110 mAh Battery,,,"₹17,999","₹22,999",21% off,Bank Offer,"₹14,050"
572,"POCO M7 5G - Locked with Airtel Prepaid (Satin Black, 128 GB)",4.1,"58,019 Ratings & 2,740 Reviews",6 GB RAM | 128 GB ROM | Expandable Upto 1 TB,17.48 cm (6.88 inch) HD+ Display,50MP Rear Camera | 8MP Front Camera,5160 mAh Battery,4 Gen 2 5G Processor,1 Year Manufacturer Warranty for Phone and 6 Months Warranty for In the Box Accessories,"₹8,249","₹12,999",36% off,Super Deals,"₹6,300"
573,Jio V4,3.8,105 Ratings & 6 Reviews,36 MB RAM | 36 MB ROM,4.5 cm (1.77 inch) QVGA Display,0.3MP Rear Camera,1000 mAh Battery,ARM Cortex A7 Processor,,₹787,"₹1,899",58% off,Super Deals,
574,Nokia 3210 4G,3.6,"1,726 Ratings & 128 Reviews",64 MB RAM | 128 MB ROM,6.1 cm (2.4 inch) Display,2MP Rear Camera,1450 mAh Battery,,,"₹4,159","₹5,299",21% off,Bank Offer,
575,LAVA Gem 2025,4.2,197 Ratings & 16 Reviews,4 MB RAM | 32 GB ROM | Expandable Upto 32 GB,7.11 cm (2.8 inch) HVGA Display,0.3MP + 0MP | 0MP Front Camera,2575 mAh Battery,Mtk Processor,,"₹1,625","₹2,099",22% off,Bank Offer,
576,Micromax S117,3.9,728 Ratings & 41 Reviews,32 MB RAM | 32 MB ROM,4.5 cm (1.77 inch) Display,0.08MP Rear Camera,1750 mAh Battery,,One Year Manufacturer Warranty,₹892,"₹1,549",42% off,Bank Offer,
577,"OPPO A5x (Laser White, 64 GB)",4.3,31 Ratings & 3 Reviews,4 GB RAM | 64 GB ROM,16.94 cm (6.67 inch) Display,32MP Rear Camera | 5MP Front Camera,6000 mAh Battery,6s 4G Gen 1 Processor,1 Year Manufacturer Warranty for Device and 6 Months Manufacturer Warranty for Inbox Accessories,"₹8,999","₹12,999",30% off,,"₹6,900"
578,"Infinix Note 50s 5G+ 45W Charger In the Box & AI (Burgundy Red, 256 GB)",4.4,"23,196 Ratings & 2,005 Reviews",8 GB RAM | 256 GB ROM,17.22 cm (6.78 inch) Full HD+ Display,64MP + 2MP | 13MP Front Camera,5500 mAh Battery,Dimensity 7300 Ultimate Processor,1 Year Warranty for Handset and 6 Months Warranty for Accessories,"₹18,999","₹24,999",24% off,Bank Offer,"₹14,800"
579,"IQOO Z10 5G (Glacier Silver / Silver, 256 GB)",4.4,945 Ratings & 57 Reviews,12 GB RAM | 256 GB ROM,17.02 cm (6.7 inch) Display,50MP Rear Camera,7300 mAh Battery,,1 Year Warranty on Handset and 6 Months Warranty on Accessories,"₹24,968","₹29,999",16% off,Bank Offer,"₹19,600"
580,Kechaoda K115,4.1,"42,460 Ratings & 2,682 Reviews",32 MB RAM | 32 GB ROM | Expandable Upto 32 MB,3.66 cm (1.44 inch) NA Display,0.3MP + 0MP | 0MP Front Camera,850 mAh Battery,NA Processor,1 Year Manufacturer Warranty,₹989,"₹1,499",34% off,Bank Offer,
581,"LAVA Shark (Titanium Gold, 64 GB)",4,141 Ratings & 5 Reviews,4 GB RAM | 64 GB ROM,16.94 cm (6.67 inch) Display,50MP Rear Camera,5000 mAh Battery,Octa-core Processor,1 Year Handset Warranty and 6 Months Warranty on Accessories,"₹6,999","₹7,799",10% off,Bank Offer,
582,"realme 14 Pro Lite 5G (Glass Purple, 256 GB)",4.3,679 Ratings & 39 Reviews,8 GB RAM | 256 GB ROM,17.02 cm (6.7 inch) Full HD+ Display,50MP + 8MP + 2MP | 32MP Front Camera,5200 mAh Battery,7s Gen2 Processor,1 Year Manufacturer Warranty for Device and 6 Months Manufacturer Warranty for Inbox Accessories,"₹23,999","₹27,999",14% off,Bank Offer,
583,"realme 14 Pro Lite 5G (Glass Purple, 128 GB)",4.3,679 Ratings & 39 Reviews,8 GB RAM | 128 GB ROM,17.02 cm (6.7 inch) Full HD+ Display,50MP + 8MP + 2MP | 32MP Front Camera,5200 mAh Battery,7s Gen2 Processor,1 Year Manufacturer Warranty for Device and 6 Months Manufacturer Warranty for Inbox Accessories,"₹21,999","₹25,999",15% off,Bank Offer,"₹17,400"
584,"Infinix SMART 9 HD (Coral Gold, 64 GB)",4.1,"4,292 Ratings & 261 Reviews",3 GB RAM | 64 GB ROM | Expandable Upto 1 TB,17.02 cm (6.7 inch) HD+ Display,13MP Rear Camera | 8MP Front Camera,5000 mAh Lithium-ion Polymer Battery,Mediatek Helio G50 Processor,1 Year Warranty on Handset and 6 Months Warranty on Accessories,"₹6,699","₹8,999",25% off,,"₹5,000"
585,"REDMI 15 5G (Sandy Purple, 256 GB)",4.2,"1,526 Ratings & 81 Reviews",8 GB RAM | 256 GB ROM,17.53 cm (6.9 inch) Display,50MP Rear Camera,7000 mAh Battery,,,"₹16,874","₹19,999",15% off,Bank Offer,"₹13,100"
586,"Infinix SMART 10 (Titanium Silver, 64 GB)",4.3,718 Ratings & 52 Reviews,4 GB RAM | 64 GB ROM,16.94 cm (6.67 inch) HD+ Display,8MP Rear Camera | 8MP Front Camera,5000 mAh Battery,UniSoc T7250 Processor,1 Year Manufacturer Warranty for Device and 6 Months Manufacturer Warranty for Inbox Accessories,"₹6,799","₹8,999",24% off,Bank Offer,"₹5,100"
587,Kechaoda A26_rose gold,3.9,616 Ratings & 17 Reviews,32 MB RAM | 16 GB ROM | Expandable Upto 32 MB,1.68 cm (0.66 inch) NA Display,0MP | 0MP Front Camera,800 mAh Battery,NA Processor,1 Year Company Domestic Warranty by Company Authorized Service Center.,₹873,"₹1,499",41% off,Bank Offer,
588,"Tecno Pova 7 Pro 5G (Geek Black, 128 GB)",4.4,"2,655 Ratings & 301 Reviews",8 GB RAM | 128 GB ROM,17.22 cm (6.78 inch) Full HD+ AMOLED Display,64MP + 8MP | 13MP Front Camera,6000 mAh Battery,Dimensity 7300 Ultimate Processor,1 Year Manufacturer Warranty for Phone,"₹17,749","₹21,999",19% off,Bank Offer,"₹13,800"
589,"Infinix GT 30 Pro 5G+ (Blade White, 256 GB)",4.4,"1,812 Ratings & 126 Reviews",8 GB RAM | 256 GB ROM,17.22 cm (6.78 inch) Display,108MP + 8MP | 13MP Front Camera,5500 mAh Battery,Dimensity 8350 Ultimate Processor,1 Year Warranty for Handset and 6 Months Warranty for Accessories,"₹24,999","₹31,999",21% off,Bank Offer,
590,"realme 14 Pro+ 5G (Pearl White, 256 GB)",4.4,"7,948 Ratings & 877 Reviews",12 GB RAM | 256 GB ROM,17.35 cm (6.83 inch) Display,50MP + 50MP + 8MP | 32MP Front Camera,6000 mAh Battery,7s Gen 3 Mobile Platform Processor,1 Year Manufacturer Warranty for Device and 6 Months Manufacturer Warranty for Inbox Accessories,"₹26,999","₹37,999",28% off,Super Deals,"₹21,200"
591,"realme P3 Ultra 5G (Orion Red, 256 GB)",4.4,"15,943 Ratings & 1,591 Reviews",8 GB RAM | 256 GB ROM,17.35 cm (6.83 inch) Display,50MP + 8MP | 16MP Front Camera,6000 mAh Battery,Dimensity 8350 Ultra Processor,1 Year Manufacturer Warranty for Device and 6 Months Manufacturer Warranty for Inbox Accessories,"₹22,999","₹33,999",32% off,Super Deals,"₹17,850"
592,"Samsung Galaxy F06 5G (Lit Violet, 128 GB)",4.2,"17,170 Ratings & 1,077 Reviews",6 GB RAM | 128 GB ROM | Expandable Upto 1500 GB,17.02 cm (6.7 inch) HD+ Display,50MP + 2MP | 8MP Front Camera,5000 mAh Battery,Dimensity 6300 Processor,1 Year Manufacturer Warranty for Device and 6 Months for In-Box Accessories,"₹11,499","₹15,499",25% off,Bank Offer,"₹8,950"
593,"OPPO A5x (Midnight Blue, 128 GB)",4.3,31 Ratings & 3 Reviews,4 GB RAM | 128 GB ROM,16.94 cm (6.67 inch) Display,32MP Rear Camera | 5MP Front Camera,6000 mAh Battery,6s 4G Gen 1 Processor,1 Year Manufacturer Warranty for Device and 6 Months Manufacturer Warranty for Inbox Accessories,"₹9,999","₹13,999",28% off,Super Deals,"₹7,700"
594,"OPPO A5x (Laser White, 128 GB)",4.3,31 Ratings & 3 Reviews,4 GB RAM | 128 GB ROM,16.94 cm (6.67 inch) Display,32MP Rear Camera | 5MP Front Camera,6000 mAh Battery,6s 4G Gen 1 Processor,1 Year Manufacturer Warranty for Device and 6 Months Manufacturer Warranty for Inbox Accessories,"₹9,999","₹13,999",28% off,,"₹7,700"
595,"REDMI Note 14 5G (Mystique White, 256 GB)",4.2,"2,869 Ratings & 150 Reviews",8 GB RAM | 256 GB ROM,16.94 cm (6.67 inch) Display,50MP Rear Camera,5110 mAh Battery,,,"₹16,703","₹24,999",33% off,Super Deals,"₹13,100"
596,"vivo T4 Pro 5G (Blaze Gold, 128 GB)",4.5,"9,498 Ratings & 613 Reviews",8 GB RAM | 128 GB ROM,17.2 cm (6.77 inch) Display,50MP + 2MP + 50MP | 32MP Front Camera,6500 mAh Battery,7 Gen 4 Processor,1 Year Manufacturer Warranty for Device and 6 Months Manufacturer Warranty for Inbox Accessories,"₹27,999","₹32,999",15% off,,"₹22,250"
597,"vivo T4 Pro 5G (Nitro Blue, 256 GB)",4.5,"9,498 Ratings & 613 Reviews",8 GB RAM | 256 GB ROM,17.2 cm (6.77 inch) Display,50MP + 2MP + 50MP | 32MP Front Camera,6500 mAh Battery,7 Gen 4 Processor,1 Year Manufacturer Warranty for Device and 6 Months Manufacturer Warranty for Inbox Accessories,"₹29,999","₹34,999",14% off,,"₹23,700"
598,"vivo T4 Pro 5G (Blaze Gold, 256 GB)",4.5,"9,498 Ratings & 613 Reviews",8 GB RAM | 256 GB ROM,17.2 cm (6.77 inch) Display,50MP + 2MP + 50MP | 32MP Front Camera,6500 mAh Battery,7 Gen 4 Processor,1 Year Manufacturer Warranty for Device and 6 Months Manufacturer Warranty for Inbox Accessories,"₹29,999","₹34,999",14% off,,"₹23,700"
599,"Samsung Galaxy S25 5G (Icyblue, 256 GB)",4.6,"2,651 Ratings & 303 Reviews",12 GB RAM | 256 GB ROM,15.75 cm (6.2 inch) Full HD+ Display,50MP + 10MP + 12MP | 12MP Front Camera,4000 mAh Battery,8 Elite for Galaxy Processor,1 Year Manufacturer Warranty for Device and 6 Months for In-Box Accessories,"₹80,999",,,Bank Offer,"₹55,250"
600,"OPPO A5x (Laser White, 128 GB)",4.3,31 Ratings & 3 Reviews,4 GB RAM | 128 GB ROM,16.94 cm (6.67 inch) Display,32MP Rear Camera | 5MP Front Camera,6000 mAh Battery,6s 4G Gen 1 Processor,1 Year Manufacturer Warranty for Device and 6 Months Manufacturer Warranty for Inbox Accessories,"₹9,999","₹13,999",28% off,,"₹7,700"
601,"Samsung Galaxy F06 5G (Lit Violet, 128 GB)",4.2,"17,170 Ratings & 1,077 Reviews",6 GB RAM | 128 GB ROM | Expandable Upto 1500 GB,17.02 cm (6.7 inch) HD+ Display,50MP + 2MP | 8MP Front Camera,5000 mAh Battery,Dimensity 6300 Processor,1 Year Manufacturer Warranty for Device and 6 Months for In-Box Accessories,"₹11,499","₹15,499",25% off,Bank Offer,"₹8,950"
602,"OPPO A5x (Midnight Blue, 128 GB)",4.3,31 Ratings & 3 Reviews,4 GB RAM | 128 GB ROM,16.94 cm (6.67 inch) Display,32MP Rear Camera | 5MP Front Camera,6000 mAh Battery,6s 4G Gen 1 Processor,1 Year Manufacturer Warranty for Device and 6 Months Manufacturer Warranty for Inbox Accessories,"₹9,999","₹13,999",28% off,Super Deals,"₹7,700"
603,"REDMI Note 14 5G (Mystique White, 256 GB)",4.2,"2,869 Ratings & 150 Reviews",8 GB RAM | 256 GB ROM,16.94 cm (6.67 inch) Display,50MP Rear Camera,5110 mAh Battery,,,"₹16,703","₹24,999",33% off,Super Deals,"₹13,100"
604,"vivo V25 5G (Sunrise Gold, 128 GB)",4.3,"9,409 Ratings & 816 Reviews",8 GB RAM | 128 GB ROM,16.36 cm (6.44 inch) Full HD+ Display,64MP + 8MP + 2MP | 50MP Front Camera,4500 mAh Lithium Battery,Dimensity 900 Processor,,"₹18,799","₹32,999",43% off,Super Deals,"₹14,800"
605,"OPPO F29 5G (Glacier Blue, 128 GB)",4.4,"2,431 Ratings & 134 Reviews",8 GB RAM | 128 GB ROM,17.02 cm (6.7 inch) Full HD+ Display,50MP + 2MP | 16MP Front Camera,6500 mAh Battery,6 Gen 1 Processor,1 Year Warranty on Handset and 6 Months Warranty on Accessories,"₹19,990","₹28,999",31% off,Bank Offer,"₹15,700"
606,"realme Narzo 80x 5G (Sunlit Gold, 128 GB)",4.2,"1,435 Ratings & 54 Reviews",6 GB RAM | 128 GB ROM,17.07 cm (6.72 inch) Display,50MP Rear Camera,6000 mAh Battery,,1 Year Manufacturer Warranty for Phone and 6 Months Warranty for In the Box Accessories,"₹12,428","₹15,999",22% off,Bank Offer,"₹9,700"
607,"Tecno Pova 7 Pro 5G (Neon Cyan, 128 GB)",4.4,"2,655 Ratings & 301 Reviews",8 GB RAM | 128 GB ROM,17.22 cm (6.78 inch) Full HD+ AMOLED Display,64MP + 8MP | 13MP Front Camera,6000 mAh Battery,Dimensity 7300 Ultimate Processor,1 Year Manufacturer Warranty for Phone,"₹17,749","₹21,999",19% off,Bank Offer,"₹13,800"
608,"Apple iPhone 14 (Midnight, 256 GB)",4.6,"3,19,964 Ratings & 11,877 Reviews",,15.49 cm (6.1 inch) Super Retina XDR Display,12MP + 12MP | 12MP Front Camera,,"A15 Bionic Chip, 6 Core Processor Processor",,"₹64,900",,,Bank Offer,"₹48,400"
609,"realme Gt 7 (Icesense Black, 256 GB)",4.5,195 Ratings & 18 Reviews,8 GB RAM | 256 GB ROM,17.22 cm (6.78 inch) Full HD+ AMOLED Display,50MP + 50MP + 50MP + 8MP | 32MP + 32MP Dual Front Camera,7000 mAh Battery,Dimensity Processor,1 Year manufacturer Warranty for handset & 6 months for accessories,"₹35,999","₹45,999",21% off,Super Deals,"₹28,450"
610,"realme 14 Pro+ 5G (Suede Grey, 512 GB)",4.4,"7,948 Ratings & 877 Reviews",12 GB RAM | 512 GB ROM,17.35 cm (6.83 inch) Display,50MP + 50MP + 8MP | 32MP Front Camera,6000 mAh Battery,7s Gen 3 Mobile Platform Processor,1 Year Manufacturer Warranty for Device and 6 Months Manufacturer Warranty for Inbox Accessories,"₹29,999","₹39,999",25% off,Super Deals,"₹23,700"
611,"realme 14 Pro+ 5G (Suede Grey, 256 GB)",4.4,"15,044 Ratings & 1,830 Reviews",8 GB RAM | 256 GB ROM,17.35 cm (6.83 inch) Display,50MP + 50MP + 8MP | 32MP Front Camera,6000 mAh Battery,7s Gen 3 Mobile Platform Processor,1 Year Manufacturer Warranty for Device and 6 Months Manufacturer Warranty for Inbox Accessories,"₹28,999","₹35,999",19% off,Bank Offer,"₹22,950"
612,"Samsung Galaxy A06 (Light Blue, 128 GB)",4.1,337 Ratings & 21 Reviews,4 GB RAM | 128 GB ROM | Expandable Upto 1 TB,17.02 cm (6.7 inch) HD+ Display,50MP + 2MP | 8MP Front Camera,5000 mAh Battery,Mediatek Helio G85 Processor,1 Year Manufacturer Warranty for Device and 6 Months for In-Box Accessories,"₹8,476","₹12,499",32% off,Super Deals,
613,"LAVA Shark 5G (stellar gold /steller gold, 64 GB)",4,165 Ratings & 11 Reviews,4 GB RAM | 64 GB ROM,17.02 cm (6.7 inch) Display,13MP Rear Camera,5000 mAh Battery,,1 Year Handset Warranty and 6 Months Warranty on Accessories,"₹7,855","₹9,499",17% off,Bank Offer,
614,"Motorola Edge 50 Neo (PANTONE Poinciana, 256 GB)",4.4,"31,678 Ratings & 3,010 Reviews",8 GB RAM | 256 GB ROM,16.26 cm (6.4 inch) Super HD Display,50MP + 13MP + 10MP | 32MP Front Camera,4310 mAh Battery,Dimensity 7300 Processor,1 Year Warranty on Handset and 6 Months Warranty on Accessories,"₹20,999","₹29,999",30% off,Bank Offer,"₹16,650"
615,"Tecno Pova 7 5G (Geek Black, 256 GB)",4.4,"7,053 Ratings & 539 Reviews",8 GB RAM | 256 GB ROM,17.22 cm (6.78 inch) Full HD+ Display,50MP + AI | 13MP Front Camera,6000 mAh Battery,Dimensity 7300 Ultimate Processor,1 Year Manufacturer Warranty for Phone,"₹15,999","₹19,999",20% off,,"₹12,550"
616,hmd 105 Dual Sim,3.7,"3,729 Ratings & 274 Reviews",4 MB RAM | 4 MB ROM | Expandable Upto 32 GB,5.08 cm (2 inch) Display,,1000 mAh Battery,SC6531E Processor,,"₹1,079","₹1,499",28% off,Bank Offer,
617,Jmax KING,3.5,206 Ratings & 7 Reviews,32 MB RAM | 32 MB ROM,3.66 cm (1.44 inch) Display,0.3MP Rear Camera,1000 mAh Battery,,1 Year Manufacturer Warranty,₹600,"₹1,499",59% off,Bank Offer,
618,"Infinix SMART 10 (Iris Blue, 64 GB)",4.3,718 Ratings & 52 Reviews,4 GB RAM | 64 GB ROM,16.94 cm (6.67 inch) HD+ Display,8MP Rear Camera | 8MP Front Camera,5000 mAh Battery,UniSoc T7250 Processor,1 Year Manufacturer Warranty for Device and 6 Months Manufacturer Warranty for Inbox Accessories,"₹6,799","₹8,999",24% off,,"₹5,100"
619,G'Five SHARK,3.6,709 Ratings & 44 Reviews,32 MB RAM | 32 MB ROM,4.57 cm (1.8 inch) Display,0.3MP Rear Camera,1000 mAh Battery,,3 Month Company Warranty.,₹699,"₹1,090",35% off,Bank Offer,
620,"Infinix SMART 10 (Sleek Black, 64 GB)",4.3,718 Ratings & 52 Reviews,4 GB RAM | 64 GB ROM,16.94 cm (6.67 inch) HD+ Display,8MP Rear Camera | 8MP Front Camera,5000 mAh Battery,UniSoc T7250 Processor,1 Year Manufacturer Warranty for Device and 6 Months Manufacturer Warranty for Inbox Accessories,"₹6,799","₹8,999",24% off,,"₹5,100"
621,"Infinix SMART 10 (Twilight Gold, 64 GB)",4.3,718 Ratings & 52 Reviews,4 GB RAM | 64 GB ROM,16.94 cm (6.67 inch) HD+ Display,8MP Rear Camera | 8MP Front Camera,5000 mAh Battery,UniSoc T7250 Processor,1 Year Manufacturer Warranty for Device and 6 Months Manufacturer Warranty for Inbox Accessories,"₹6,799","₹8,999",24% off,Bank Offer,"₹5,100"
622,"OPPO F29 Pro 5G (Marble White, 256 GB)",4.4,"1,647 Ratings & 121 Reviews",8 GB RAM | 256 GB ROM,17.02 cm (6.7 inch) Full HD+ Display,50MP + 2MP | 16MP Front Camera,6000 mAh Battery,Dimensity 7300 Processor,1 Year Warranty on Handset and 6 Months Warranty on Accessories,"₹25,999","₹34,999",25% off,,"₹20,550"
623,"vivo V50e 5G (Sapphire Blue, 256 GB)",4.4,"2,734 Ratings & 163 Reviews",8 GB RAM | 256 GB ROM,17.2 cm (6.77 inch) Display,50MP + 8MP | 50MP Front Camera,5600 mAh Battery,Dimensity 7300 Processor,1 Year Warranty on the Product and 6 Months Warranty on Inbox Accessories,"₹25,740","₹35,999",28% off,Super Deals,"₹19,600"
624,"Tecno Pova Curve 5G (Magic Silver, 128 GB)",4.3,"1,145 Ratings & 124 Reviews",8 GB RAM | 128 GB ROM,17.22 cm (6.78 inch) Display,64MP Rear Camera | 13MP Front Camera,5500 mAh Battery,Dimensity 7300 Ultimate Processor,1 Year Manufacturer Warranty for Handset,"₹17,999","₹19,999",10% off,Bank Offer,"₹14,050"
625,"MOTOROLA Edge 60 Pro (Pantone Dazzling Blue, 256 GB)",4.3,"11,819 Ratings & 999 Reviews",12 GB RAM | 256 GB ROM,17.02 cm (6.7 inch) Display,50MP + 50MP + 10MP | 50MP Front Camera,6000 mAh Battery,Dimensity 8350 Processor,1 Year Warranty on Handset and 6 Months Warranty on Accessories,"₹31,999","₹40,999",21% off,Super Deals,"₹25,450"
626,"POCO X7 5G (Glacier Green, 256 GB)",4.3,"25,414 Ratings & 1,964 Reviews",8 GB RAM | 256 GB ROM,16.94 cm (6.67 inch) Display,50MP + 8MP + 2MP | 20MP Front Camera,5500 mAh Battery,Dimensity 7300 Ultra Processor,1 Year Manufacturer Warranty for Phone and 6 Months Warranty for In the Box Accessories,"₹17,999","₹27,999",35% off,Super Deals,"₹14,050"
627,"realme P3 Ultra 5G (Neptune Blue, 128 GB)",4.4,"15,943 Ratings & 1,591 Reviews",8 GB RAM | 128 GB ROM,17.35 cm (6.83 inch) Display,50MP + 8MP | 16MP Front Camera,6000 mAh Battery,Dimensity 8350 Ultra Processor,1 Year Manufacturer Warranty for Device and 6 Months Manufacturer Warranty for Inbox Accessories,"₹21,999","₹31,999",31% off,Super Deals,"₹17,400"
628,LAVA Gem 2025,4.2,197 Ratings & 16 Reviews,4 MB RAM | 32 GB ROM | Expandable Upto 32 GB,7.11 cm (2.8 inch) HVGA Display,0.3MP + 0MP | 0MP Front Camera,2575 mAh Battery,Mtk Processor,Brand Warranty of 1 Year Available for Mobile and 6 Months for Battery and Accessories,"₹1,627","₹2,099",22% off,Bank Offer,
629,"realme P3 Ultra 5G (Glowing Lunar White, 256 GB)",4.4,"15,943 Ratings & 1,591 Reviews",8 GB RAM | 256 GB ROM,17.35 cm (6.83 inch) Display,50MP + 8MP | 16MP Front Camera,6000 mAh Battery,Dimensity 8350 Ultra Processor,1 Year Manufacturer Warranty for Device and 6 Months Manufacturer Warranty for Inbox Accessories,"₹22,999","₹33,999",32% off,,"₹17,850"
630,"Samsung Galaxy F36 5G (Black, 128 GB)",4.3,"7,256 Ratings & 414 Reviews",6 GB RAM | 128 GB ROM | Expandable Upto 2 TB,17.02 cm (6.7 inch) Full HD+ Display,50MP + 8MP + 2MP | 13MP Front Camera,5000 mAh Battery,Samsung Exynos 1380 Processor,1 Year Manufacturer Warranty for Device and 6 Months for In-Box Accessories,"₹15,999","₹22,999",30% off,Bank Offer,"₹12,550"
631,GFive FLASH,3.8,317 Ratings & 16 Reviews,32 MB RAM | 32 MB ROM,7.11 cm (2.8 inch) NA Display,1MP Rear Camera,3000 mAh Battery,,,₹899,"₹1,999",55% off,Super Deals,
632,"Apple iPhone 14 (Blue, 256 GB)",4.6,"3,19,964 Ratings & 11,877 Reviews",,15.49 cm (6.1 inch) Super Retina XDR Display,12MP + 12MP | 12MP Front Camera,,"A15 Bionic Chip, 6 Core Processor Processor",,"₹64,900",,,Bank Offer,"₹48,400"
633,Jmax KING,3.5,206 Ratings & 7 Reviews,32 MB RAM | 32 MB ROM,3.66 cm (1.44 inch) Display,0.3MP Rear Camera,1000 mAh Battery,,1 Year Manufacturer Warranty,₹666,"₹1,499",55% off,Bank Offer,
634,"vivo V60e (Elite Purple, 256 GB)",4.3,"1,131 Ratings & 77 Reviews",8 GB RAM | 256 GB ROM,17.2 cm (6.77 inch) Full HD+ Display,200MP + 8MP | 50MP Front Camera,6500 mAh Battery,Dimensity 7360-Turbo Processor,1 Year Manufacturer Warranty for Device and 6 Months Manufacturer Warranty for Inbox Accessories,"₹31,999","₹36,999",13% off,,"₹25,450"
635,"vivo V60e (Noble Gold, 256 GB)",4.3,"1,131 Ratings & 77 Reviews",8 GB RAM | 256 GB ROM,17.2 cm (6.77 inch) Full HD+ Display,200MP + 8MP | 50MP Front Camera,6500 mAh Battery,Dimensity 7360-Turbo Processor,1 Year Manufacturer Warranty for Device and 6 Months Manufacturer Warranty for Inbox Accessories,"₹31,999","₹36,999",13% off,,"₹25,450"
636,"MOTOROLA Edge 50 (Peach Fuzz, 256 GB)",4.3,"41,052 Ratings & 2,954 Reviews",8 GB RAM | 256 GB ROM,16.94 cm (6.67 inch) Display,50MP + 13MP + 10MP | 32MP Front Camera,5000 mAh Battery,Snapdragon 7 Gen 1 Accelerated Edition Processor,1 Year Warranty on Handset and 6 Months Warranty on Accessories,"₹21,999","₹32,999",33% off,Bank Offer,"₹17,400"
637,LAVA A1 Josh,4.2,"22,527 Ratings & 2,118 Reviews",4 MB RAM | 2 MB ROM | Expandable Upto 32 GB,5.08 cm (2 inch) HVGA Display,0MP | 0MP Front Camera,1000 mAh Battery,Mtk Processor,,₹969,"₹1,399",30% off,Bank Offer,
638,"vivo V60e (Elite Purple, 128 GB)",4.3,"1,131 Ratings & 77 Reviews",8 GB RAM | 128 GB ROM,17.2 cm (6.77 inch) Full HD+ Display,200MP + 8MP | 50MP Front Camera,6500 mAh Battery,Dimensity 7360-Turbo Processor,1 Year Manufacturer Warranty for Device and 6 Months Manufacturer Warranty for Inbox Accessories,"₹29,999","₹34,999",14% off,,"₹23,700"
639,"vivo V60e (Noble Gold, 256 GB)",4.3,429 Ratings & 35 Reviews,12 GB RAM | 256 GB ROM,17.2 cm (6.77 inch) Full HD+ Display,200MP + 8MP | 50MP Front Camera,6500 mAh Battery,Dimensity 7360-Turbo Processor,1 Year Manufacturer Warranty for Device and 6 Months Manufacturer Warranty for Inbox Accessories,"₹33,999","₹38,999",12% off,,"₹26,900"
640,"REDMI 14C 5G (Starlight Blue, 128 GB)",4.2,"7,920 Ratings & 403 Reviews",6 GB RAM | 128 GB ROM | Expandable Upto 1 TB,17.48 cm (6.88 inch) HD+ Display,50MP Rear Camera | 8MP Front Camera,5160 mAh Battery,4 Gen 2 5G Processor,1 Year Manufacturer Warranty for Phone and 6 Months Warranty for In the Box Accessories,"₹10,999","₹14,999",26% off,,"₹8,500"
641,"REDMI 14C 5G (Stardust Purple, 128 GB)",4.2,"7,758 Ratings & 387 Reviews",4 GB RAM | 128 GB ROM | Expandable Upto 1 TB,17.48 cm (6.88 inch) HD+ Display,50MP Rear Camera | 8MP Front Camera,5160 mAh Battery,4 Gen 2 5G Processor,1 Year Manufacturer Warranty for Phone and 6 Months Warranty for In the Box Accessories,"₹9,999","₹13,999",28% off,,"₹7,700"
642,"vivo T4 Pro 5G (Blaze Gold, 256 GB)",4.5,"2,380 Ratings & 174 Reviews",12 GB RAM | 256 GB ROM,17.2 cm (6.77 inch) Display,50MP + 2MP + 50MP | 32MP Front Camera,6500 mAh Battery,7 Gen 4 Processor,1 Year Manufacturer Warranty for Device and 6 Months Manufacturer Warranty for Inbox Accessories,"₹31,999","₹36,999",13% off,,"₹25,450"
643,"Samsung Galaxy F16 5G (Glam Green, 128 GB)",4.2,"3,237 Ratings & 200 Reviews",8 GB RAM | 128 GB ROM,16.91 cm (6.657 inch) Full HD+ Display,50MP + 5MP + 2MP | 13MP Front Camera,5000 mAh Battery,Dimensity 6300 Processor,1 Year Manufacturer Warranty for Device and 6 Months for In-Box Accessories,"₹15,499","₹18,999",18% off,Bank Offer,"₹12,150"
644,"LAVA Storm Lite 5G (Cosmic Titanium, 128 GB)",4.2,39 Ratings & 3 Reviews,4 GB RAM | 128 GB ROM,17.02 cm (6.7 inch) Display,50MP Rear Camera,5000 mAh Battery,,1 Year Handset Warranty and 6 Months Warranty on Accessories,"₹8,889","₹11,499",22% off,Super Deals,
645,"IQOO Z10 5G (Stellar Black, 256 GB)",4.4,"4,067 Ratings & 195 Reviews",8 GB RAM | 256 GB ROM,17.2 cm (6.77 inch) Display,50MP Rear Camera,7300 mAh Battery,,1 Year Warranty on Handset and 6 Months Warranty on Accessories,"₹24,000","₹27,999",14% off,Bank Offer,
646,"vivo T4 Ultra 5G (Phoenix Gold, 256 GB)",4.5,"3,801 Ratings & 364 Reviews",8 GB RAM | 256 GB ROM,16.94 cm (6.67 inch) Full HD+ AMOLED Display,50MP + 8MP + 50MP Periscope | 32MP Front Camera,5500 mAh Battery,Dimensity 9300+ Processor,1 Year Warranty on the Product and 6 Months Warranty on Inbox Accessories,"₹35,999","₹40,999",12% off,,"₹28,450"
647,"REDMI 14C 5G (Starlight Blue, 128 GB)",4.2,"7,758 Ratings & 387 Reviews",4 GB RAM | 128 GB ROM | Expandable Upto 1 TB,17.48 cm (6.88 inch) HD+ Display,50MP Rear Camera | 8MP Front Camera,5160 mAh Battery,4 Gen 2 5G Processor,1 Year Manufacturer Warranty for Phone and 6 Months Warranty for In the Box Accessories,"₹9,524","₹13,999",31% off,Bank Offer,"₹7,300"
648,"realme 14 Pro+ 5G (Bikaner Purple, 128 GB)",4.4,"15,044 Ratings & 1,830 Reviews",8 GB RAM | 128 GB ROM,17.35 cm (6.83 inch) Display,50MP + 50MP + 8MP | 32MP Front Camera,6000 mAh Battery,7s Gen 3 Mobile Platform Processor,1 Year Manufacturer Warranty for Device and 6 Months Manufacturer Warranty for Inbox Accessories,"₹29,999","₹33,999",11% off,,"₹23,700"
649,KARBONN K-Phone 1 DS Feature Phone|1400 mAh Battery|1.3MP Camera|Expandable Upto 32 GB,3.9,"2,134 Ratings & 179 Reviews",256 MB RAM | 160 MB ROM,6.1 cm (2.4 inch) QVGA Display,1.3MP Rear Camera,1400 mAh Battery,,1 Year Manufacturer Warranty,"₹1,440","₹1,690",14% off,Bank Offer,
650,"POCO X7 5G (Cosmic Silver, 128 GB)",4.3,"25,414 Ratings & 1,964 Reviews",8 GB RAM | 128 GB ROM,16.94 cm (6.67 inch) Display,50MP + 8MP + 2MP | 20MP Front Camera,5500 mAh Battery,Dimensity 7300 Ultra Processor,1 Year Manufacturer Warranty for Phone and 6 Months Warranty for In the Box Accessories,"₹16,999","₹24,999",32% off,Bank Offer,"₹13,400"
651,hmd 110,3.9,538 Ratings & 38 Reviews,4 MB RAM | 4 MB ROM,5.08 cm (2 inch) NA Display,0.2MP Rear Camera,1000 mAh Battery,,1 Year Replacement Warranty For Device And 6 Months Manufacturer Warranty For Inbox Accessories Including Battery From The Date of Purchase,"₹1,289","₹1,799",28% off,Bank Offer,
652,"POCO X7 Pro 5G (Yellow, 256 GB)",4.4,"7,222 Ratings & 737 Reviews",12 GB RAM | 256 GB ROM,16.94 cm (6.67 inch) Display,50MP + 8MP | 20MP Front Camera,6550 mAh Battery,Dimensity D8400 Ultra Processor,1 Year Manufacturer Warranty for Phone and 6 Months Warranty for In the Box Accessories,"₹23,999","₹33,999",29% off,Super Deals,"₹18,800"
653,SIAVANTAGE PRO MINI 2,3.6,14 Ratings & 0 Reviews,8 MB RAM | 16 MB ROM,1.52 cm (0.6 inch) Display,1.3MP Rear Camera,1000 mAh Battery,,3 Month Domestic Warranty,₹749,"₹1,499",50% off,Bank Offer,
654,Kechaoda K28,4,"5,134 Ratings & 378 Reviews",32 MB RAM | 64 MB ROM | Expandable Upto 16 GB,6.1 cm (2.4 inch) QVGA Display,0.3MP Rear Camera,1700 mAh Battery,,1 Year Company Domestic Warranty by Company Authorized Service Center.,"₹1,198","₹1,499",20% off,Bank Offer,
655,"IQOO Z10 5G (Glacier Silver / Silver, 128 GB)",4.4,"4,067 Ratings & 195 Reviews",8 GB RAM | 128 GB ROM,17.02 cm (6.7 inch) Display,50MP Rear Camera,7300 mAh Battery,,1 Year Warranty on Handset and 6 Months Warranty on Accessories,"₹20,640","₹25,999",20% off,Bank Offer,"₹16,200"
656,"Tecno Pop 9 5G (Azure Sky, 128 GB)",4.1,"1,153 Ratings & 58 Reviews",8 GB RAM | 128 GB ROM | Expandable Upto 1 TB,16.94 cm (6.67 inch) HD+ Display,48MP Rear Camera | 8MP Front Camera,5000 mAh Battery,Dimensity 6300 5G Processor,1 Year Manufacturer Warranty for Phone,"₹9,499","₹14,999",36% off,Super Deals,"₹7,300"
657,"realme 14 Pro+ 5G (Pearl White, 256 GB)",4.4,"15,044 Ratings & 1,830 Reviews",8 GB RAM | 256 GB ROM,17.35 cm (6.83 inch) Display,50MP + 50MP + 8MP | 32MP Front Camera,6000 mAh Battery,7s Gen 3 Mobile Platform Processor,1 Year Manufacturer Warranty for Device and 6 Months Manufacturer Warranty for Inbox Accessories,"₹28,999","₹35,999",19% off,Bank Offer,"₹22,950"
658,"Tecno Pova 7 Pro 5G (Dynamic Grey, 256 GB)",4.4,"2,655 Ratings & 301 Reviews",8 GB RAM | 256 GB ROM,17.22 cm (6.78 inch) Full HD+ AMOLED Display,64MP + 8MP | 13MP Front Camera,6000 mAh Battery,Dimensity 7300 Ultimate Processor,1 Year Manufacturer Warranty for Phone,"₹18,749","₹23,999",21% off,Bank Offer,"₹14,800"
659,"Samsung Galaxy Z Fold6 5G (Silver Shadow, 256 GB)",4.3,178 Ratings & 11 Reviews,12 GB RAM | 256 GB ROM,19.3 cm (7.6 inch) QXGA+ Display,50MP + 12MP + 10MP | 10MP Front Camera,4400 mAh Lithium ion Battery,Snapdragon 8 Gen 3 Processor,1 Year Manufacturer Warranty for Device and 6 Months for In-Box Accessories,"₹1,03,869","₹1,64,999",37% off,Super Deals,"₹55,250"
660,"OPPO A3x 5G (Starry Purple, 128 GB)",4.2,"4,760 Ratings & 186 Reviews",4 GB RAM | 128 GB ROM | Expandable Upto 2 TB,16.94 cm (6.67 inch) HD+ Display,8MP Rear Camera | 5MP Front Camera,5100 mAh Battery,Dimensity 6300 Processor,1 Year Manufacturer Warranty for Device and 6 Months Manufacturer Warranty for Inbox Accessories,"₹11,499","₹15,999",28% off,Bank Offer,"₹8,950"
661,"REDMI 14C 5G (Stardust Purple, 64 GB)",4.2,"7,758 Ratings & 387 Reviews",4 GB RAM | 64 GB ROM | Expandable Upto 1 TB,17.48 cm (6.88 inch) HD+ Display,50MP Rear Camera | 8MP Front Camera,5160 mAh Battery,4 Gen 2 5G Processor,1 Year Manufacturer Warranty for Phone and 6 Months Warranty for In the Box Accessories,"₹9,900","₹12,999",23% off,Bank Offer,
662,Kechaoda K28,4,"5,134 Ratings & 378 Reviews",32 MB RAM | 64 MB ROM | Expandable Upto 16 GB,6.1 cm (2.4 inch) QVGA Display,0.3MP Rear Camera,1700 mAh Battery,,1 Year Manufacturer Warranty,"₹1,249","₹1,499",16% off,Bank Offer,
663,"vivo V60e (Noble Gold, 128 GB)",4.3,"1,131 Ratings & 77 Reviews",8 GB RAM | 128 GB ROM,17.2 cm (6.77 inch) Full HD+ Display,200MP + 8MP | 50MP Front Camera,6500 mAh Battery,Dimensity 7360-Turbo Processor,1 Year Manufacturer Warranty for Device and 6 Months Manufacturer Warranty for Inbox Accessories,"₹29,999","₹34,999",14% off,,"₹23,700"
664,"REDMI 14C 5G (Stardust Purple, 64 GB)",4.2,"7,758 Ratings & 387 Reviews",4 GB RAM | 64 GB ROM | Expandable Upto 1 TB,17.48 cm (6.88 inch) HD+ Display,50MP Rear Camera | 8MP Front Camera,5160 mAh Battery,4 Gen 2 5G Processor,1 Year Manufacturer Warranty for Phone and 6 Months Warranty for In the Box Accessories,"₹8,999","₹12,999",30% off,,"₹6,900"
665,"Tecno Pop 9 5G (Aurora Cloud, 128 GB)",4.1,"1,153 Ratings & 58 Reviews",8 GB RAM | 128 GB ROM | Expandable Upto 1 TB,16.94 cm (6.67 inch) HD+ Display,48MP Rear Camera | 8MP Front Camera,5000 mAh Battery,Dimensity 6300 5G Processor,1 Year Manufacturer Warranty for Phone,"₹9,499","₹14,999",36% off,Super Deals,"₹7,300"
666,"vivo V50e 5G (Pearl White, 128 GB)",4.4,"2,734 Ratings & 163 Reviews",8 GB RAM | 128 GB ROM,17.2 cm (6.77 inch) Display,50MP + 8MP | 50MP Front Camera,5600 mAh Battery,Dimensity 7300 Processor,1 Year Warranty on the Product and 6 Months Warranty on Inbox Accessories,"₹24,990","₹33,999",26% off,Super Deals,"₹19,600"
667,"Samsung Galaxy A06 5G (Black, 128 GB)",4.1,"2,009 Ratings & 127 Reviews",4 GB RAM | 128 GB ROM | Expandable Upto 1 TB,17.02 cm (6.7 inch) HD+ Display,50MP + 50MP | 2MP + 2MP Dual Front Camera,5000 mAh Battery,MEDIATEK Processor,1 Year Manufacturer Warranty for Device and 6 Months for In-Box Accessories,"₹9,699","₹15,499",37% off,Bank Offer,
668,"ROCK TOUCH Rock X Flip Dual Sim |Keypad Mobile| with 1.8"" Display Call & SMS Indicator",3.8,9 Ratings & 0 Reviews,32 MB RAM | 32 MB ROM,4.57 cm (1.8 inch) Display,0.3MP Rear Camera,2000 mAh Battery,,1 Month Warranty,"₹2,000","₹3,299",39% off,Bank Offer,
669,"vivo V60e (Elite Purple, 256 GB)",4.3,429 Ratings & 35 Reviews,12 GB RAM | 256 GB ROM,17.2 cm (6.77 inch) Full HD+ Display,200MP + 8MP | 50MP Front Camera,6500 mAh Battery,Dimensity 7360-Turbo Processor,1 Year Manufacturer Warranty for Device and 6 Months Manufacturer Warranty for Inbox Accessories,"₹33,999","₹38,999",12% off,,"₹26,900"
670,"Apple iPhone 17 Pro Max (Deep Blue, 512 GB)",4.8,261 Ratings & 27 Reviews,,17.53 cm (6.9 inch) Super Retina XDR Display,48MP + 48MP + 48MP | 18MP Front Camera,,"A19 Chip, 6 Core Processor Processor",Apple One (1) Year Limited Warranty,"₹1,69,900",,,Bank Offer,"₹55,250"
671,"OPPO RENO 13 5G (LUMINOUS BLUE, IVORY WHITE, 128 GB)",4.2,253 Ratings & 20 Reviews,8 GB RAM | 128 GB ROM,16.74 cm (6.59 inch) Display,50MP Rear Camera,5600 mAh Battery,,1 Year Warranty on Handset and 6 Months Warranty on Accessories,"₹27,990","₹41,999",33% off,Super Deals,"₹22,250"
672,"vivo T4 Pro 5G (Nitro Blue, 256 GB)",4.5,"2,380 Ratings & 174 Reviews",12 GB RAM | 256 GB ROM,17.2 cm (6.77 inch) Display,50MP + 2MP + 50MP | 32MP Front Camera,6500 mAh Battery,7 Gen 4 Processor,1 Year Manufacturer Warranty for Device and 6 Months Manufacturer Warranty for Inbox Accessories,"₹31,999","₹36,999",13% off,,"₹25,450"
673,"Apple iPhone 16 Pro (White Titanium, 128 GB)",4.7,"26,630 Ratings & 1,151 Reviews",,16.0 cm (6.3 inch) Super Retina XDR Display,48MP + 48MP + 12MP | 12MP Front Camera,,"A18 Pro Chip, 6 Core Processor Processor",,"₹1,09,900",,,Bank Offer,"₹55,250"
674,Kechaoda K115,4.1,"42,460 Ratings & 2,682 Reviews",32 MB RAM | 32 GB ROM | Expandable Upto 32 MB,3.66 cm (1.44 inch) NA Display,0.3MP + 0MP | 0MP Front Camera,850 mAh Battery,NA Processor,1 Year Manufacturer Warranty,₹989,"₹1,499",34% off,Bank Offer,
675,itel Ace 3 Shine,4.1,"1,403 Ratings & 61 Reviews",4 MB RAM | 4 MB ROM | Expandable Upto 32 GB,4.57 cm (1.8 inch) QVGA Display,,1000 mAh Battery,Unisoc Processor,1 year manufacturer Warranty,₹987,"₹1,499",34% off,Bank Offer,
676,"Tecno Pova Curve 5G (Neon Cyan, 128 GB)",4.3,"1,145 Ratings & 124 Reviews",8 GB RAM | 128 GB ROM,17.22 cm (6.78 inch) Display,64MP Rear Camera | 13MP Front Camera,5500 mAh Battery,Dimensity 7300 Ultimate Processor,1 Year Manufacturer Warranty for Handset,"₹17,999","₹19,999",10% off,Bank Offer,"₹14,050"
677,Kechaoda K115,4.1,"42,460 Ratings & 2,682 Reviews",32 MB RAM | 32 GB ROM | Expandable Upto 32 MB,3.66 cm (1.44 inch) NA Display,0.3MP + 0MP | 0MP Front Camera,850 mAh Battery,NA Processor,1 Year Manufacturer Warranty,₹989,"₹1,499",34% off,Bank Offer,
678,"Infinix GT 30 5G+ Blade White 128 (Blade White, 128 GB)",4.2,49 Ratings & 6 Reviews,8 GB RAM | 128 GB ROM,17.22 cm (6.78 inch) Display,64MP + 8MP | 13MP Front Camera,5500 mAh Battery,Dimensity 7400 Processor,1 Year Manufacturer Warranty for Device and 6 Months Manufacturer Warranty for Inbox Accessories,"₹19,499","₹24,999",22% off,Bank Offer,"₹14,800"
679,"vivo T4 Ultra 5G (Phoenix Gold, 256 GB)",4.5,"2,788 Ratings & 267 Reviews",12 GB RAM | 256 GB ROM,16.94 cm (6.67 inch) Full HD+ AMOLED Display,50MP + 8MP + 50MP Periscope | 32MP Front Camera,5500 mAh Battery,Dimensity 9300+ Processor,1 Year Warranty on the Product and 6 Months Warranty on Inbox Accessories,"₹37,999","₹42,999",11% off,,"₹29,500"
680,"vivo T4 Ultra 5G (Meteor Grey, 256 GB)",4.5,"3,801 Ratings & 364 Reviews",8 GB RAM | 256 GB ROM,16.94 cm (6.67 inch) Full HD+ AMOLED Display,50MP + 8MP + 50MP Periscope | 32MP Front Camera,5500 mAh Battery,Dimensity 9300+ Processor,1 Year Warranty on the Product and 6 Months Warranty on Inbox Accessories,"₹35,999","₹40,999",12% off,,"₹28,450"
681,"LAVA Storm Lite 5G (Astral Blue,, 64 GB)",4.2,39 Ratings & 3 Reviews,4 GB RAM | 64 GB ROM,16.76 cm (6.6 inch) Display,50MP Rear Camera,5000 mAh Battery,,1 Year Handset Warranty and 6 Months Warranty on Accessories,"₹8,399","₹10,990",23% off,Bank Offer,
682,"vivo V50e 5G (Pearl White, 256 GB)",4.4,"2,734 Ratings & 163 Reviews",8 GB RAM | 256 GB ROM,17.2 cm (6.77 inch) Display,50MP + 8MP | 50MP Front Camera,5600 mAh Battery,Dimensity 7300 Processor,1 Year Warranty on the Product and 6 Months Warranty on Inbox Accessories,"₹25,400","₹35,999",29% off,Super Deals,"₹19,600"
683,itel Super Guru 4G | King Media | Youtube | UPI,3.7,761 Ratings & 46 Reviews,64 MB RAM | 128 MB ROM | Expandable Upto 32 GB,5.08 cm (2 inch) Display,0.3MP Rear Camera,1000 mAh Battery,,1 year manufacturer Warranty,"₹1,640","₹2,099",21% off,Bank Offer,
684,"IQOO Z10 5G (Glacier Silver, 128 GB)",4.4,"4,067 Ratings & 195 Reviews",8 GB RAM | 128 GB ROM,17.02 cm (6.7 inch) Display,50MP Rear Camera,7300 mAh Battery,,1 Year Warranty on Handset and 6 Months Warranty on Accessories,"₹21,500","₹25,999",17% off,Bank Offer,"₹16,650"
685,"vivo V50e 5G (Sapphire Blue, 128 GB)",4.4,"2,734 Ratings & 163 Reviews",8 GB RAM | 128 GB ROM,17.2 cm (6.77 inch) Display,50MP + 8MP | 50MP Front Camera,5600 mAh Battery,Dimensity 7300 Processor,1 Year Warranty on the Product and 6 Months Warranty on Inbox Accessories,"₹23,740","₹33,999",30% off,Super Deals,"₹18,800"
686,itel Ace 3 Shine,4.1,"1,403 Ratings & 61 Reviews",4 MB RAM | 4 MB ROM,4.57 cm (1.8 inch) Display,,1000 mAh Battery,,1 year manufacturer Warranty,₹945,"₹1,249",24% off,Bank Offer,
687,hmd 110,3.9,538 Ratings & 38 Reviews,4 MB RAM | 4 MB ROM,5.08 cm (2 inch) NA Display,0.2MP Rear Camera,1000 mAh Battery,,1 Year Replacement Warranty For Device And 6 Months Manufacturer Warranty For Inbox Accessories Including Battery From The Date of Purchase,"₹1,289","₹1,799",28% off,Bank Offer,
688,HOTLINE Power,3.9,272 Ratings & 18 Reviews,32 MB RAM | 32 MB ROM,4.57 cm (1.8 inch) Display,0.3MP Rear Camera,3000 mAh Battery,,,₹570,₹999,42% off,Bank Offer,
689,"OPPO F29 Pro 5G (Marble White, 256 GB)",4.4,939 Ratings & 43 Reviews,12 GB RAM | 256 GB ROM,17.02 cm (6.7 inch) Full HD+ Display,50MP + 2MP | 16MP Front Camera,6000 mAh Battery,Dimensity 7300 Processor,1 Year Warranty on Handset and 6 Months Warranty on Accessories,"₹22,577","₹36,999",38% off,Bank Offer,"₹17,850"
690,itel Muzik 450,4,11 Ratings & 0 Reviews,4 MB RAM | 4 MB ROM | Expandable Upto 32 GB,6.1 cm (2.4 inch) QVGA Display,0.3MP Rear Camera,3000 mAh Battery,NA Processor,,"₹1,797","₹1,999",10% off,Bank Offer,
691,"Samsung Galaxy S25 5G (Navy, 256 GB)",4.6,"2,651 Ratings & 303 Reviews",12 GB RAM | 256 GB ROM,15.75 cm (6.2 inch) Full HD+ Display,50MP + 10MP + 12MP | 12MP Front Camera,4000 mAh Battery,8 Elite for Galaxy Processor,1 Year Manufacturer Warranty for Device and 6 Months for In-Box Accessories,"₹80,999",,,Bank Offer,"₹55,250"
692,"Tecno Pop 9 5G (Midnight Shadow, 128 GB)",4.1,"1,153 Ratings & 58 Reviews",8 GB RAM | 128 GB ROM | Expandable Upto 1 TB,16.94 cm (6.67 inch) HD+ Display,48MP Rear Camera | 8MP Front Camera,5000 mAh Battery,Dimensity 6300 5G Processor,1 Year Manufacturer Warranty for Phone,"₹9,499","₹14,999",36% off,Super Deals,"₹7,300"
693,Snexian Guru 310,3.3,"17,413 Ratings & 1,185 Reviews",32 MB RAM | 64 MB ROM | Expandable Upto 16 GB,4.57 cm (1.8 inch) Quarter QVGA Display,0.3MP Rear Camera,800 mAh Battery,,,₹619,₹999,38% off,Bank Offer,
694,"realme 15T 5G (Flowing Silver, 128 GB)",4.3,"4,140 Ratings & 283 Reviews",8 GB RAM | 128 GB ROM,16.69 cm (6.57 inch) Full HD Display,50MP + 2MP | 50MP Front Camera,7000 mAh Battery,MediaTek Dimensity 6400 MAX Processor,1 Year Manufacturer Warranty for Device and 6 Months Manufacturer Warranty for Inbox Accessories,"₹21,999","₹22,999",4% off,Bank Offer,"₹17,400"
695,"REDMI A5 (Jaisalmer Gold, 64 GB)",4.1,"5,144 Ratings & 231 Reviews",3 GB RAM | 64 GB ROM | Expandable Upto 2 TB,17.48 cm (6.88 inch) HD+ Display,32MP Rear Camera | 8MP Front Camera,5200 mAh Battery,T7250 Processor,1 Year Manufacturer Warranty for Handset and 6 Months Warranty for In the Box Accessories,"₹6,499","₹8,999",27% off,Bank Offer,"₹4,900"
696,"LAVA Shark 5G (stellar blue/ steller blue, 64 GB)",4,165 Ratings & 11 Reviews,4 GB RAM | 64 GB ROM,17.02 cm (6.7 inch) Display,13MP Rear Camera,5000 mAh Battery,,1 Year Handset Warranty and 6 Months Warranty on Accessories,"₹7,613","₹9,499",19% off,Super Deals,
697,"MOTOROLA Edge 60 Pro (Pantone Dazzling Blue, 512 GB)",4.3,"1,825 Ratings & 138 Reviews",16 GB RAM | 512 GB ROM,17.02 cm (6.7 inch) Display,50MP + 50MP + 10MP | 50MP Front Camera,6000 mAh Battery,Dimensity 8350 Processor,1 Year Warranty on Handset and 6 Months Warranty on Accessories,"₹35,999","₹42,999",16% off,Super Deals,"₹28,450"
698,"Xiaomi 14 CIVI (Cruise Blue, 256 GB)",4.3,"1,689 Ratings & 204 Reviews",8 GB RAM | 256 GB ROM,16.64 cm (6.55 inch) Display,50MP Rear Camera | 32MP + 32MP Dual Front Camera,4700 mAh Battery,8s Gen 3 Mobile Platform Processor,1 Year Manufacturer Warranty for Phone and 6 Months Warranty for In the Box Accessories,"₹28,924","₹54,999",47% off,Bank Offer,"₹22,950"
699,"OPPO F31 5G (Bloom Red, 256 GB)",4.2,780 Ratings & 39 Reviews,8 GB RAM | 256 GB ROM,16.69 cm (6.57 inch) Full HD+ Display,50MP + 2MP | 16MP Front Camera,7000 mAh Battery,Dimensity 6300 Processor,,"₹25,999","₹29,999",13% off,Bank Offer,"₹22,550"
700,Kechaoda A27,4,"15,513 Ratings & 856 Reviews",32 MB RAM | 32 MB ROM,4.27 cm (1.68 inch) Display,0MP Front Camera,800 mAh Battery,,,₹889,"₹2,049",56% off,Bank Offer,
701,"Samsung Galaxy A04s (Black, 128 GB)",4.2,261 Ratings & 14 Reviews,4 GB RAM | 128 GB ROM,16.51 cm (6.5 inch) HD+ Display,50MP + 50MP + 2MP + 2MP | 5MP Front Camera,5000 mAh Lithium-ion Battery,Exynos Octa Core Processor Processor,1 Year Manufacturer Warranty For Device And 6 Months Manufacturer Warranty For In-box Accessories,"₹10,990","₹17,990",38% off,Bank Offer,
702,"OPPO F27 Pro+ (Dusk Pink, 128 GB)",4.4,"15,728 Ratings & 673 Reviews",8 GB RAM | 128 GB ROM,17.02 cm (6.7 inch) Full HD+ Display,64MP + 2MP | 8MP Front Camera,5000 mAh Battery,Dimensity 7050 Processor,1 Year Manufacturer Warranty for Device and 6 Months Manufacturer Warranty for Inbox Accessories,"₹23,999","₹29,999",20% off,Bank Offer,"₹18,800"
703,"Samsung A16 5G (Blue Black, 128 GB)",4,81 Ratings & 4 Reviews,6 GB RAM | 128 GB ROM,17.02 cm (6.7 inch) Full HD+ Display,13MP + 50MP | 13MP + 13MP Dual Front Camera,5000 mAh Battery,Octa-core (2x2.4 GHz Cortex-A78 & 6x2.0 GHz Cortex-A55) or Octa-core (2x2.4 GHz Cortex-A76 & 6x2.0 GHz Cortex-A55) Processor,,"₹14,250","₹19,999",28% off,Bank Offer,
704,"Tecno Pova Slim 5G (Sky Blue, 128 GB)",4.2,546 Ratings & 48 Reviews,8 GB RAM | 128 GB ROM,17.22 cm (6.78 inch) Display,50MP + 2MP | 13MP Front Camera,5160 mAh Battery,Dimensity 6400 5G Processor,1 Year Manufacturer Warranty for Phone,"₹20,999","₹24,999",16% off,Bank Offer,"₹16,650"
705,"Tecno Pova Slim 5G (Slim White, 128 GB)",4.2,546 Ratings & 48 Reviews,8 GB RAM | 128 GB ROM,17.22 cm (6.78 inch) Display,50MP + 2MP | 13MP Front Camera,5160 mAh Battery,Dimensity 6400 5G Processor,1 Year Manufacturer Warranty for Phone,"₹20,999","₹24,999",16% off,Bank Offer,"₹16,650"
706,"Ai+ Pulse (Blue, 128 GB)",4,"3,400 Ratings & 217 Reviews",6 GB RAM | 128 GB ROM | Expandable Upto 1 TB,17.13 cm (6.745 inch) HD+ Display,50MP Rear Camera | 5MP Front Camera,5000 mAh Battery,T615 Processor,1 Year Warranty on Handset and 6 Months Warranty on the Inbox Accessories,"₹6,999","₹9,999",30% off,Bank Offer,"₹5,300"
707,"vivo T4 Ultra 5G (Meteor Grey, 256 GB)",4.5,"2,788 Ratings & 267 Reviews",12 GB RAM | 256 GB ROM,16.94 cm (6.67 inch) Full HD+ AMOLED Display,50MP + 8MP + 50MP Periscope | 32MP Front Camera,5500 mAh Battery,Dimensity 9300+ Processor,1 Year Warranty on the Product and 6 Months Warranty on Inbox Accessories,"₹37,999","₹42,999",11% off,,"₹29,500"
708,"realme Gt 7 (Icesense Blue, 256 GB)",4.5,195 Ratings & 18 Reviews,8 GB RAM | 256 GB ROM,17.02 cm (6.7 inch) Full HD+ AMOLED Display,50MP + 50MP + 8MP + 50MP | 32MP + 32MP Dual Front Camera,7000 mAh Battery,Dimensity Processor,1 Year manufacturer Warranty for handset & 6 months for accessories,"₹35,799","₹45,999",22% off,Super Deals,"₹28,450"
709,"POCO M7 Plus 5G (Aqua Blue, 128 GB)",4.3,"2,254 Ratings & 130 Reviews",8 GB RAM | 128 GB ROM | Expandable Upto 2 TB,17.53 cm (6.9 inch) Display,50MP AI Dual Camera,7000 mAh Battery,Snapdragon 6s Gen 3 5G Processor,1 Year Manufacturer Warranty for Phone and 6 Months Warranty for In the Box Accessories,"₹13,999","₹17,999",22% off,Bank Offer,"₹11,000"
710,"vivo T4 Ultra 5G (Phoenix Gold, 512 GB)",4.5,"2,788 Ratings & 267 Reviews",12 GB RAM | 512 GB ROM,16.94 cm (6.67 inch) Full HD+ AMOLED Display,50MP + 8MP + 50MP Periscope | 32MP Front Camera,5500 mAh Battery,Dimensity 9300+ Processor,1 Year Warranty on the Product and 6 Months Warranty on Inbox Accessories,"₹39,999","₹44,999",11% off,,"₹31,500"
711,"Infinix GT 30 5G+ Pulse Green 128 (Pulse Green, 128 GB)",4.5,255 Ratings & 13 Reviews,8 GB RAM | 128 GB ROM,17.22 cm (6.78 inch) Display,64MP + 8MP | 13MP Front Camera,5500 mAh Battery,Dimensity 7400 Processor,1 Year Manufacturer Warranty for Device and 6 Months Manufacturer Warranty for Inbox Accessories,"₹19,499","₹24,999",22% off,Bank Offer,"₹14,800"
712,"Samsung Galaxy F06 5G (Lit Violet, 128 GB)",4.1,"34,383 Ratings & 2,062 Reviews",4 GB RAM | 128 GB ROM | Expandable Upto 1500 GB,17.02 cm (6.7 inch) HD+ Display,50MP + 2MP | 8MP Front Camera,5000 mAh Battery,Dimensity 6300 Processor,1 Year Manufacturer Warranty for Device and 6 Months for In-Box Accessories,"₹9,999","₹13,999",28% off,Bank Offer,"₹7,700"
713,Motorola Moto A10E,4,"8,871 Ratings & 599 Reviews",4 MB RAM | 32 MB ROM | Expandable Upto 64 GB,4.57 cm (1.8 inch) Display,,800 mAh Battery,,6 Month Warranty,"₹1,545","₹1,549",,Bank Offer,
714,"Ai+ Nova 5G (Black, 128 GB)",3.8,"2,578 Ratings & 228 Reviews",8 GB RAM | 128 GB ROM | Expandable Upto 1 TB,17.13 cm (6.745 inch) HD+ Display,50MP Rear Camera | 5MP Front Camera,5000 mAh Battery,T8200 Processor,1 Year Warranty on Handset and 6 Months Warranty on the Inbox Accessories,"₹9,499","₹12,999",26% off,Bank Offer,"₹7,300"
715,"realme 14 Pro+ 5G (Suede Grey, 256 GB)",4.4,"7,948 Ratings & 877 Reviews",12 GB RAM | 256 GB ROM,17.35 cm (6.83 inch) Display,50MP + 50MP + 8MP | 32MP Front Camera,6000 mAh Battery,7s Gen 3 Mobile Platform Processor,1 Year Manufacturer Warranty for Device and 6 Months Manufacturer Warranty for Inbox Accessories,"₹26,999","₹37,999",28% off,Super Deals,"₹21,200"
716,TOUCH 18 Rock Z Flip Dual Sim Keypad Mobile with2.4Display Flip Fold Call & SMS Indicator,4,80 Ratings & 7 Reviews,32 MB RAM | 32 MB ROM,6.1 cm (2.4 inch) Display,2MP Rear Camera,1800 mAh Battery,,,"₹1,998","₹2,899",31% off,Bank Offer,
717,"realme P3 Ultra 5G (Glowing Lunar White, 128 GB)",4.4,"15,943 Ratings & 1,591 Reviews",8 GB RAM | 128 GB ROM,17.35 cm (6.83 inch) Display,50MP + 8MP | 16MP Front Camera,6000 mAh Battery,Dimensity 8350 Ultra Processor,1 Year Manufacturer Warranty for Device and 6 Months Manufacturer Warranty for Inbox Accessories,"₹21,999","₹31,999",31% off,Super Deals,"₹17,400"
718,"Motorola G40 Fusion (Dynamic Gray, 128 GB)",4.2,"58,914 Ratings & 6,127 Reviews",6 GB RAM | 128 GB ROM,17.22 cm (6.78 inch) Full HD+ Display,64MP + 8MP + 2MP | 16MP Front Camera,6000 mAh Battery,Qualcomm Snapdragon 732G Processor,,"₹11,980","₹19,999",40% off,Bank Offer,"₹9,300"
719,"REDMI 14C 5G (Stardust Purple, 128 GB)",4.2,"7,758 Ratings & 387 Reviews",4 GB RAM | 128 GB ROM | Expandable Upto 1 TB,17.48 cm (6.88 inch) HD+ Display,50MP Rear Camera | 8MP Front Camera,5160 mAh Battery,4 Gen 2 5G Processor,1 Year Manufacturer Warranty for Phone and 6 Months Warranty for In the Box Accessories,"₹9,520","₹13,999",31% off,Bank Offer,
720,"realme P3 Ultra 5G (Glowing Lunar White, 128 GB)",4.4,"15,943 Ratings & 1,591 Reviews",8 GB RAM | 128 GB ROM,17.35 cm (6.83 inch) Display,50MP + 8MP | 16MP Front Camera,6000 mAh Battery,Dimensity 8350 Ultra Processor,1 Year Manufacturer Warranty for Device and 6 Months Manufacturer Warranty for Inbox Accessories,"₹21,999","₹31,999",31% off,Super Deals,"₹17,400"
721,"Motorola G40 Fusion (Dynamic Gray, 128 GB)",4.2,"58,914 Ratings & 6,127 Reviews",6 GB RAM | 128 GB ROM,17.22 cm (6.78 inch) Full HD+ Display,64MP + 8MP + 2MP | 16MP Front Camera,6000 mAh Battery,Qualcomm Snapdragon 732G Processor,,"₹11,980","₹19,999",40% off,Bank Offer,"₹9,300"
722,"MOTOROLA Razr 60 (PANTONE Gibraltar Sea, 256 GB)",4.4,"1,739 Ratings & 127 Reviews",8 GB RAM | 256 GB ROM,17.53 cm (6.9 inch) Full HD+ Display,50MP + 13MP | 32MP Front Camera,4500 mAh Battery,Dimensity 7400X Processor,1 Year Warranty on Handset and 6 Months Warranty on Accessories,"₹49,999","₹54,999",9% off,Bank Offer,"₹40,200"
723,"Apple iPhone 16e (Black, 128 GB)",4.5,"1,689 Ratings & 113 Reviews",,15.49 cm (6.1 inch) Super Retina XDR Display,48MP Rear Camera | 12MP Front Camera,,"A18 Chip, 6 Core Processor",,"₹57,999","₹59,900",3% off,Bank Offer,"₹42,800"
724,"OPPO F27 Pro+ (Dusk Pink, 256 GB)",4.4,"15,728 Ratings & 673 Reviews",8 GB RAM | 256 GB ROM,17.02 cm (6.7 inch) Full HD+ Display,64MP + 2MP | 8MP Front Camera,5000 mAh Battery,Dimensity 7050 Processor,1 Year Manufacturer Warranty for Device and 6 Months Manufacturer Warranty for Inbox Accessories,"₹27,999","₹34,999",20% off,,"₹22,250"
725,LAVA Gem Power Dual Sim Keypad Phone|2575 mAh Battery| Expandable Upto 32 MB,4.1,"3,758 Ratings & 238 Reviews",4 MB RAM | 4 MB ROM | Expandable Upto 32 MB,7.11 cm (2.8 inch) QVGA Display,2MP Rear Camera,2575 mAh Battery,,,"₹1,766","₹1,999",11% off,Bank Offer,
726,"REDMI 14C 5G (Stardust Purple, 128 GB)",4.2,"7,920 Ratings & 403 Reviews",6 GB RAM | 128 GB ROM | Expandable Upto 1 TB,17.48 cm (6.88 inch) HD+ Display,50MP Rear Camera | 8MP Front Camera,5160 mAh Battery,4 Gen 2 5G Processor,1 Year Manufacturer Warranty for Phone and 6 Months Warranty for In the Box Accessories,"₹10,958","₹14,999",26% off,Bank Offer,"₹8,450"
727,"REDMI 14C 5G (Stargaze Black, 128 GB)",4.2,"7,920 Ratings & 403 Reviews",6 GB RAM | 128 GB ROM | Expandable Upto 1 TB,17.48 cm (6.88 inch) HD+ Display,50MP Rear Camera | 8MP Front Camera,5160 mAh Battery,4 Gen 2 5G Processor,1 Year Manufacturer Warranty for Phone and 6 Months Warranty for In the Box Accessories,"₹10,990","₹13,999",21% off,Bank Offer,"₹8,500"
728,"OPPO F31 5G (Bloom Red, 128 GB)",4.2,780 Ratings & 39 Reviews,8 GB RAM | 128 GB ROM,16.69 cm (6.57 inch) Full HD+ Display,50MP + 2MP | 16MP Front Camera,7000 mAh Battery,Dimensity 6300 Processor,,"₹23,999","₹27,999",14% off,Bank Offer,"₹20,800"
729,"OPPO F31 5G (Midnight Blue, 256 GB)",4.2,780 Ratings & 39 Reviews,8 GB RAM | 256 GB ROM,16.69 cm (6.57 inch) Full HD+ Display,50MP + 2MP | 16MP Front Camera,7000 mAh Battery,Dimensity 6300 Processor,,"₹25,999","₹29,999",13% off,Bank Offer,"₹22,550"
730,"REDMI 13 5G (Black Diamond, 128 GB)",4.3,"47,703 Ratings & 2,376 Reviews",6 GB RAM | 128 GB ROM | Expandable Upto 1 TB,17.25 cm (6.79 inch) Full HD+ Display,108MP + 2MP | 13MP Front Camera,5030 mAh Lithium Polymer Battery,4 Gen 2 AE Processor,1 Year Manufacturer Warranty for Phone and 6 Months Warranty for In the Box Accessories,"₹12,499","₹17,999",30% off,,"₹9,750"
731,"REDMI 13 5G (Hawaiian Blue, 128 GB)",4.2,"13,467 Ratings & 727 Reviews",8 GB RAM | 128 GB ROM | Expandable Upto 1 TB,17.25 cm (6.79 inch) Full HD+ Display,108MP + 2MP | 13MP Front Camera,5030 mAh Lithium Polymer Battery,4 Gen 2 AE Processor,1 Year Manufacturer Warranty for Phone and 6 Months Warranty for In the Box Accessories,"₹13,999","₹19,999",30% off,Bank Offer,"₹11,000"
732,"Samsung Galaxy A55 5G (Awesome Iceblue, 256 GB)",4.3,623 Ratings & 47 Reviews,12 GB RAM | 256 GB ROM | Expandable Upto 1 TB,16.76 cm (6.6 inch) Full HD+ Display,50MP + 12MP + 5MP | 32MP Front Camera,5000 mAh Battery,Exynos 1480 Processor,1 Year Manufacturer Warranty for Device and 6 Months for In-Box Accessories,"₹32,990","₹48,999",32% off,,"₹26,200"
733,"Tecno Pova 7 5G (Magic Silver, 256 GB)",4.4,"7,053 Ratings & 539 Reviews",8 GB RAM | 256 GB ROM,17.22 cm (6.78 inch) Full HD+ Display,50MP + AI | 13MP Front Camera,6000 mAh Battery,Dimensity 7300 Ultimate Processor,1 Year Manufacturer Warranty for Phone,"₹15,999","₹19,999",20% off,,"₹12,550"
734,"Infinix SMART 9 HD (Metallic Black, 64 GB)",4.1,"4,292 Ratings & 261 Reviews",3 GB RAM | 64 GB ROM | Expandable Upto 1 TB,17.02 cm (6.7 inch) HD+ Display,13MP Rear Camera | 8MP Front Camera,5000 mAh Lithium-ion Polymer Battery,Mediatek Helio G50 Processor,1 Year Warranty on Handset and 6 Months Warranty on Accessories,"₹6,699","₹8,999",25% off,Bank Offer,"₹5,000"
735,"Infinix SMART 9 HD (Mint Green, 64 GB)",4.1,"4,292 Ratings & 261 Reviews",3 GB RAM | 64 GB ROM | Expandable Upto 1 TB,17.02 cm (6.7 inch) HD+ Display,13MP Rear Camera | 8MP Front Camera,5000 mAh Lithium-ion Polymer Battery,Mediatek Helio G50 Processor,1 Year Warranty on Handset and 6 Months Warranty on Accessories,"₹6,699","₹8,999",25% off,Bank Offer,"₹5,000"
736,Kechaoda A-0026 black,4,24 Ratings & 1 Reviews,32 MB RAM | 32 MB ROM | Expandable Upto 32 GB,1.68 cm (0.66 inch) NA Display,,800 mAh Battery,NA Processor,,₹910,"₹1,899",52% off,Bank Offer,
737,"Infinix GT 30 Pro 5G+ (Dark Flare, 256 GB)",4.4,"1,812 Ratings & 126 Reviews",8 GB RAM | 256 GB ROM,17.22 cm (6.78 inch) Display,108MP + 8MP | 13MP Front Camera,5500 mAh Battery,Dimensity 8350 Ultimate Processor,1 Year Warranty for Handset and 6 Months Warranty for Accessories,"₹24,999","₹31,999",21% off,Bank Offer,
738,"Tecno Pova 7 Pro 5G (Geek Black, 256 GB)",4.4,"2,655 Ratings & 301 Reviews",8 GB RAM | 256 GB ROM,17.22 cm (6.78 inch) Full HD+ AMOLED Display,64MP + 8MP | 13MP Front Camera,6000 mAh Battery,Dimensity 7300 Ultimate Processor,1 Year Manufacturer Warranty for Phone,"₹18,749","₹23,999",21% off,Bank Offer,"₹14,800"
739,"REDMI 14C 5G (Stardust Purple, 128 GB)",4.2,"7,758 Ratings & 387 Reviews",4 GB RAM | 128 GB ROM | Expandable Upto 1 TB,17.48 cm (6.88 inch) HD+ Display,50MP Rear Camera | 8MP Front Camera,5160 mAh Battery,4 Gen 2 5G Processor,1 Year Manufacturer Warranty for Phone and 6 Months Warranty for In the Box Accessories,"₹9,520","₹13,999",31% off,Bank Offer,
740,"realme P3 Ultra 5G (Orion Red, 128 GB)",4.4,"15,943 Ratings & 1,591 Reviews",8 GB RAM | 128 GB ROM,17.35 cm (6.83 inch) Display,50MP + 8MP | 16MP Front Camera,6000 mAh Battery,Dimensity 8350 Ultra Processor,1 Year Manufacturer Warranty for Device and 6 Months Manufacturer Warranty for Inbox Accessories,"₹21,999","₹31,999",31% off,Super Deals,"₹17,400"
741,"realme P3 Ultra 5G (Neptune Blue, 256 GB)",4.4,"15,943 Ratings & 1,591 Reviews",8 GB RAM | 256 GB ROM,17.35 cm (6.83 inch) Display,50MP + 8MP | 16MP Front Camera,6000 mAh Battery,Dimensity 8350 Ultra Processor,1 Year Manufacturer Warranty for Device and 6 Months Manufacturer Warranty for Inbox Accessories,"₹22,999","₹33,999",32% off,,"₹17,850"
742,"Motorola g45 5G (Viva Magenta, 128 GB)",4.3,"52,203 Ratings & 3,061 Reviews",4 GB RAM | 128 GB ROM | Expandable Upto 1 TB,16.51 cm (6.5 inch) HD+ Display,50MP + 2MP | 16MP Front Camera,5000 mAh Battery,Snapdragon 6s Gen 3 Processor,1 Year Warranty on Handset and 6 Months Warranty on Accessories,"₹9,999","₹12,999",23% off,Super Deals,"₹7,700"
743,"POCO X7 5G (Cosmic Silver, 256 GB)",4.3,"25,414 Ratings & 1,964 Reviews",8 GB RAM | 256 GB ROM,16.94 cm (6.67 inch) Display,50MP + 8MP + 2MP | 20MP Front Camera,5500 mAh Battery,Dimensity 7300 Ultra Processor,1 Year Manufacturer Warranty for Phone and 6 Months Warranty for In the Box Accessories,"₹17,999","₹27,999",35% off,Super Deals,"₹14,050"
744,Jio Refurbished rileance F90C,3.4,25 Ratings & 0 Reviews,512 MB RAM | 4 GB ROM,6.1 cm (2.4 inch) Display,1MP Rear Camera,1500 mAh Battery,,,"₹1,549","₹2,999",48% off,Bank Offer,
745,Motorola Moto A10E,4,"8,871 Ratings & 599 Reviews",4 MB RAM | 32 MB ROM,4.57 cm (1.8 inch) Display,,800 mAh Battery,,6 month Refurbished Warranty,"₹1,430","₹1,549",7% off,Bank Offer,
746,"Nokia 105 Single SIM, Keypad Mobile Phone with Wireless FM Radio",3.8,"1,79,056 Ratings & 11,393 Reviews",32 MB RAM | 32 MB ROM,4.5 cm (1.77 inch) QVGA Display,0MP Front Camera,800 mAh Lithium Ion Battery,SC6531E Processor,,"₹1,348","₹1,593",15% off,Bank Offer,
747,"REDMI A5 (Just Black, 64 GB)",4.1,"5,144 Ratings & 231 Reviews",3 GB RAM | 64 GB ROM | Expandable Upto 2 TB,17.48 cm (6.88 inch) HD+ Display,32MP Rear Camera | 8MP Front Camera,5200 mAh Battery,T7250 Processor,1 Year Manufacturer Warranty for Handset and 6 Months Warranty for In the Box Accessories,"₹6,499","₹8,999",27% off,Bank Offer,"₹4,900"
748,"REDMI A5 (Just Black, 128 GB)",4.2,"3,840 Ratings & 194 Reviews",4 GB RAM | 128 GB ROM | Expandable Upto 2 TB,17.48 cm (6.88 inch) HD+ Display,32MP Rear Camera | 8MP Front Camera,5200 mAh Battery,T7250 Processor,1 Year Manufacturer Warranty for Handset and 6 Months Warranty for In the Box Accessories,"₹7,499","₹9,999",25% off,Super Deals,"₹5,650"
749,Kechaoda A27,4,"15,513 Ratings & 856 Reviews",32 MB RAM | 32 MB ROM | Expandable Upto 16 GB,1.68 cm (0.66 inch) QVGA Display,0MP | 0MP Front Camera,800 mAh Battery,NA Processor,1 Year Domestic Warranty,₹895,"₹1,499",40% off,Bank Offer,
750,"vivo T3 Pro 5G (Sandstone Orange, 128 GB)",4.5,"90,929 Ratings & 5,580 Reviews",8 GB RAM | 128 GB ROM,17.2 cm (6.77 inch) Full HD+ AMOLED Display,50MP + 8MP | 16MP Front Camera,5500 mAh Battery,Snapdragon 7 Gen 3 Processor,1 Year Warranty on Handset and 6 Months Warranty on Accessories,"₹22,999","₹29,999",23% off,,"₹17,850"
751,"vivo T3 Pro 5G (Emerald Green, 128 GB)",4.5,"90,929 Ratings & 5,580 Reviews",8 GB RAM | 128 GB ROM,17.2 cm (6.77 inch) Full HD+ AMOLED Display,50MP + 8MP | 16MP Front Camera,5500 mAh Battery,Snapdragon 7 Gen 3 Processor,1 Year Warranty on Handset and 6 Months Warranty on Accessories,"₹22,999","₹29,999",23% off,Bank Offer,
752,"Tecno Pova 7 Pro 5G (Dynamic Grey, 128 GB)",4.4,"2,655 Ratings & 301 Reviews",8 GB RAM | 128 GB ROM,17.22 cm (6.78 inch) Full HD+ AMOLED Display,64MP + 8MP | 13MP Front Camera,6000 mAh Battery,Dimensity 7300 Ultimate Processor,1 Year Manufacturer Warranty for Phone,"₹17,749","₹21,999",19% off,Bank Offer,"₹13,800"
753,"Tecno Pova 7 Pro 5G (Neon Cyan, 256 GB)",4.4,"2,655 Ratings & 301 Reviews",8 GB RAM | 256 GB ROM,17.22 cm (6.78 inch) Full HD+ AMOLED Display,64MP + 8MP | 13MP Front Camera,6000 mAh Battery,Dimensity 7300 Ultimate Processor,1 Year Manufacturer Warranty for Phone,"₹18,749","₹23,999",21% off,Bank Offer,"₹14,800"
754,"LAVA Bold N1 (Radiant Black, 64 GB)",3.8,28 Ratings & 3 Reviews,4 GB RAM | 64 GB ROM,17.02 cm (6.7 inch) Display,13MP Rear Camera,5000 mAh Battery,,1 Year Handset Warranty and 6 Months Warranty on Accessories,"₹6,215","₹7,499",17% off,Super Deals,
755,"Infinix GT 30 Pro 5G+ (Dark Flare, 256 GB)",4.4,"1,168 Ratings & 84 Reviews",12 GB RAM | 256 GB ROM,17.22 cm (6.78 inch) Display,108MP + 8MP | 13MP Front Camera,5500 mAh Battery,Dimensity 8350 Ultimate Processor,1 Year Warranty for Handset and 6 Months Warranty for Accessories,"₹26,999","₹34,999",22% off,Bank Offer,
756,"Tecno Spark Go 5G (Sky Blue, 128 GB)",4.3,"1,079 Ratings & 95 Reviews",4 GB RAM | 128 GB ROM | Expandable Upto 1 TB,17.12 cm (6.74 inch) Display,50MP Rear Camera | 5MP Front Camera,6000 mAh Battery,Dimensity 6400 5G Processor,1 Year Manufacturer Warranty for Handset,"₹10,999","₹11,999",8% off,Bank Offer,"₹8,500"
757,"KARBONN Sparkle2 Dual SIM Keypad Mobile 2''LCD,Camera,1000mAh Battery Expandable,32GB",4.2,45 Ratings & 0 Reviews,40 MB RAM | 32 MB ROM | Expandable Upto 32 GB,5.08 cm (2 inch) FWVGA Display,0.5MP + 0MP | 0.5MP Front Camera,1000 mAh Battery,MAD Processor,,₹994,"₹1,590",37% off,Bank Offer,
758,"Samsung Galaxy M16 5G (Blush Pink, 128 GB)",4.1,466 Ratings & 15 Reviews,4 GB RAM | 128 GB ROM,17.02 cm (6.7 inch) Display,50MP Rear Camera,5000 mAh Battery,,1 Year Manufacturer Warranty for Phone and 6 Months Warranty for In the Box Accessories,"₹12,350","₹13,999",11% off,Bank Offer,
759,"OPPO K13 Turbo 5G (Midnight Maverick, 128 GB)",4.5,"6,837 Ratings & 413 Reviews",8 GB RAM | 128 GB ROM,17.27 cm (6.8 inch) Full HD+ Display,50MP + 2MP | 16MP Front Camera,7000 mAh Battery,Dimensity 8450 Processor,1 Year Manufacturer Warranty for Device and 6 Months Manufacturer Warranty for Inbox Accessories,"₹27,999","₹33,999",17% off,Bank Offer,"₹22,250"
760,"REDMI A5 (Pondicherry Blue, 128 GB)",4.2,"3,840 Ratings & 194 Reviews",4 GB RAM | 128 GB ROM | Expandable Upto 2 TB,17.48 cm (6.88 inch) HD+ Display,32MP Rear Camera | 8MP Front Camera,5200 mAh Battery,T7250 Processor,1 Year Manufacturer Warranty for Handset and 6 Months Warranty for In the Box Accessories,"₹7,499","₹9,999",25% off,Super Deals,"₹5,650"
761,ringme R1 PRO 1,3.6,12 Ratings & 0 Reviews,32 MB RAM | 32 MB ROM,6.1 cm (2.4 inch) Display,1MP Rear Camera,2000 mAh Battery,,,"₹1,259","₹2,999",58% off,Super Deals,
762,"REDMI A5 (Pondicherry Blue, 64 GB)",4.1,"5,144 Ratings & 231 Reviews",3 GB RAM | 64 GB ROM | Expandable Upto 2 TB,17.48 cm (6.88 inch) HD+ Display,32MP Rear Camera | 8MP Front Camera,5200 mAh Battery,T7250 Processor,1 Year Manufacturer Warranty for Handset and 6 Months Warranty for In the Box Accessories,"₹6,499","₹8,999",27% off,Bank Offer,"₹4,900"
763,"Infinix HOT 60i 5G (Sleek Black, 128 GB)",4.3,934 Ratings & 68 Reviews,4 GB RAM | 128 GB ROM,17.14 cm (6.75 inch) HD+ Display,50MP Rear Camera | 5MP Front Camera,6000 mAh Battery,Dimensity 6400 Processor,1 Year Manufacturer Warranty for Device and 6 Months Manufacturer Warranty for Inbox Accessories,"₹9,499","₹11,999",20% off,Bank Offer,"₹7,300"
764,"Infinix HOT 60i 5G (Shadow Blue, 128 GB)",4.3,934 Ratings & 68 Reviews,4 GB RAM | 128 GB ROM,17.14 cm (6.75 inch) HD+ Display,50MP Rear Camera | 5MP Front Camera,6000 mAh Battery,Dimensity 6400 Processor,1 Year Manufacturer Warranty for Device and 6 Months Manufacturer Warranty for Inbox Accessories,"₹9,499","₹11,999",20% off,Bank Offer,"₹7,300"
765,"Apple iPhone 16 Pro Max (Natural Titanium, 512 GB)",4.7,"15,395 Ratings & 803 Reviews",,17.53 cm (6.9 inch) Super Retina XDR Display,48MP + 48MP + 12MP | 12MP Front Camera,,"A18 Pro Chip, 6 Core Processor Processor",,"₹1,54,900",,,Bank Offer,"₹55,250"
766,"Infinix HOT 60i 5G (Monsoon Green, 128 GB)",4.3,934 Ratings & 68 Reviews,4 GB RAM | 128 GB ROM,17.14 cm (6.75 inch) HD+ Display,50MP Rear Camera | 5MP Front Camera,6000 mAh Battery,Dimensity 6400 Processor,1 Year Manufacturer Warranty for Device and 6 Months Manufacturer Warranty for Inbox Accessories,"₹9,499","₹11,999",20% off,Bank Offer,"₹7,300"
767,"Samsung Galaxy M16 5G (Thunder Black, 128 GB)",4.2,"1,066 Ratings & 54 Reviews",6 GB RAM | 128 GB ROM,17.02 cm (6.7 inch) Display,50MP Rear Camera,5000 mAh Battery,,1 Year Manufacturer Warranty for Phone and 6 Months Warranty for In the Box Accessories,"₹13,699","₹14,999",8% off,Bank Offer,"₹10,600"
768,"OPPO F29 Pro 5G (Marble White, 128 GB)",4.4,"1,647 Ratings & 121 Reviews",8 GB RAM | 128 GB ROM,17.02 cm (6.7 inch) Full HD+ Display,50MP + 2MP | 16MP Front Camera,6000 mAh Battery,Dimensity 7300 Processor,1 Year Warranty on Handset and 6 Months Warranty on Accessories,"₹19,970","₹32,999",39% off,Bank Offer,"₹15,700"
769,"REDMI 14C 5G (Stargaze Black, 128 GB)",4.2,"7,758 Ratings & 387 Reviews",4 GB RAM | 128 GB ROM | Expandable Upto 1 TB,17.48 cm (6.88 inch) HD+ Display,50MP Rear Camera | 8MP Front Camera,5160 mAh Battery,4 Gen 2 5G Processor,1 Year Manufacturer Warranty for Phone and 6 Months Warranty for In the Box Accessories,"₹9,999","₹13,999",28% off,,"₹7,700"
770,"Redmi 6 (Rose Gold, 32 GB)",4.4,"5,57,823 Ratings & 39,689 Reviews",3 GB RAM | 32 GB ROM | Expandable Upto 256 GB,13.84 cm (5.45 inch) HD+ Display,12MP + 5MP | 5MP Front Camera,3000 mAh Lithium-polymer Battery,2.0 GHz Mediatek P22 Octacore Processor,Brand Warranty of 1 Year Available for Mobile and 6 Months for Accessories,"₹6,499","₹8,999",27% off,Bank Offer,
771,"Apple iPhone 16e (White, 128 GB)",4.5,"1,689 Ratings & 113 Reviews",,15.49 cm (6.1 inch) Super Retina XDR Display,48MP Rear Camera | 12MP Front Camera,,"A18 Chip, 6 Core Processor",,"₹57,999","₹59,900",3% off,Bank Offer,"₹42,800"
772,Kechaoda K28 PRO,3.8,248 Ratings & 15 Reviews,32 MB RAM | 64 MB ROM | Expandable Upto 16 GB,6.1 cm (2.4 inch) QVGA Display,0.3MP Rear Camera,3000 mAh Battery,,1 Year Manufacturer Warranty,"₹1,198","₹1,999",40% off,Super Deals,
773,Kechaoda A 27,3.9,658 Ratings & 19 Reviews,32 MB RAM | 32 MB ROM,1.68 cm (0.66 inch) Display,,800 mAh Battery,,1 Year Company Domestic Warranty by Company Authorized Service Center.,₹879,"₹2,000",56% off,Bank Offer,
774,"OPPO F 29 Pro 5G (Granite Black, 128 GB)",4.4,78 Ratings & 8 Reviews,8 GB RAM | 128 GB ROM | Expandable Upto 128 GB,17.02 cm (6.7 inch) Full HD+ AMOLED Display,50MP + 50MP | 50MP + 2MP Dual Front Camera,6000 mAh Battery,MediaTek Dimensity 7300 Processor,on Handset and 6 Months Warranty on Accessories; Domestic Warranty: 1 Year,"₹21,990","₹32,999",33% off,Super Deals,
775,LAVA A1 Josh BOL,4.1,"9,555 Ratings & 726 Reviews",,4.5 cm (1.77 inch) Quarter QVGA Display,,1000 mAh Li-ion Battery,,No Warranty,₹996,"₹1,399",28% off,Bank Offer,
776,"OnePlus Nord 5�5G (Marble Sands, 256 GB)",4.5,545 Ratings & 51 Reviews,8 GB RAM | 256 GB ROM,17.35 cm (6.83 inch) Full HD+ AMOLED Display,50MP + 50MP + 8MP | 50MP Front Camera,6800 mAh Battery,Qualcomm® Snapdragon™ 8s Gen 3 Mobile Platform Processor,,"₹33,560","₹34,999",4% off,Bank Offer,"₹26,200"
777,"Tecno Spark Go 2 (Ink Black, 64 GB)",4.2,"1,841 Ratings & 112 Reviews",4 GB RAM | 64 GB ROM | Expandable Upto 1 TB,16.94 cm (6.67 inch) Display,13MP Rear Camera,5000 mAh Lithium Polymer Battery,T7250 Processor,1 Year Manufacturer Warranty for Phone,"₹7,499","₹8,999",16% off,Bank Offer,"₹5,650"
778,"Tecno Spark Go 2 (Veil White, 64 GB)",4.2,"1,841 Ratings & 112 Reviews",4 GB RAM | 64 GB ROM | Expandable Upto 1 TB,16.94 cm (6.67 inch) Display,13MP Rear Camera,5000 mAh Lithium Polymer Battery,T7250 Processor,1 Year Manufacturer Warranty for Phone,"₹7,499","₹8,999",16% off,Bank Offer,"₹5,650"
779,"realme 15T 5G (Silk Blue, 128 GB)",4.3,"4,140 Ratings & 283 Reviews",8 GB RAM | 128 GB ROM,16.69 cm (6.57 inch) Full HD Display,50MP + 2MP | 50MP Front Camera,7000 mAh Battery,MediaTek Dimensity 6400 MAX Processor,1 Year Manufacturer Warranty for Device and 6 Months Manufacturer Warranty for Inbox Accessories,"₹21,999","₹22,999",4% off,Bank Offer,"₹17,400"
780,"REDMI A5 (Jaisalmer Gold, 128 GB)",4.2,"3,840 Ratings & 194 Reviews",4 GB RAM | 128 GB ROM | Expandable Upto 2 TB,17.48 cm (6.88 inch) HD+ Display,32MP Rear Camera | 8MP Front Camera,5200 mAh Battery,T7250 Processor,1 Year Manufacturer Warranty for Handset and 6 Months Warranty for In the Box Accessories,"₹7,499","₹9,999",25% off,Super Deals,"₹5,650"
781,"Ai+ Nova 5G (Green, 128 GB)",4.2,"16,583 Ratings & 1,108 Reviews",6 GB RAM | 128 GB ROM | Expandable Upto 1 TB,17.13 cm (6.745 inch) HD+ Display,50MP Rear Camera | 5MP Front Camera,5000 mAh Battery,T8200 Processor,1 Year Warranty on Handset and 6 Months Warranty on the Inbox Accessories,"₹8,499","₹10,999",22% off,Bank Offer,"₹6,500"
782,"OPPO F29 5G (Solid Purple, 256 GB)",4.4,"2,431 Ratings & 134 Reviews",8 GB RAM | 256 GB ROM,17.02 cm (6.7 inch) Full HD+ Display,50MP + 2MP | 16MP Front Camera,6500 mAh Battery,6 Gen 1 Processor,1 Year Warranty on Handset and 6 Months Warranty on Accessories,"₹23,999","₹30,999",22% off,,"₹18,800"
783,"Apple iPhone 16 Plus (White, 128 GB)",4.6,"3,922 Ratings & 208 Reviews",,17.02 cm (6.7 inch) Super Retina XDR Display,48MP + 12MP | 12MP Front Camera,,"A18 Chip, 6 Core Processor Processor",,"₹76,999","₹79,900",3% off,,"₹55,250"
784,"Samsung Galaxy M16 5G (Mint Green, 128 GB)",4.1,466 Ratings & 15 Reviews,4 GB RAM | 128 GB ROM,17.02 cm (6.7 inch) Display,50MP Rear Camera,5000 mAh Battery,,1 Year Manufacturer Warranty for Phone and 6 Months Warranty for In the Box Accessories,"₹12,488","₹13,999",10% off,Bank Offer,
785,GFive A1-C,3.5,334 Ratings & 15 Reviews,32 MB RAM | 32 MB ROM,4.57 cm (1.8 inch) VGA Display,,1100 mAh Battery,NA Processor,1 Year Service Centre Warranty,₹480,₹999,51% off,Bank Offer,
786,"realme 15 Pro 5G (Flowing Silver, 512 GB)",4.3,"3,715 Ratings & 290 Reviews",12 GB RAM | 512 GB ROM,17.27 cm (6.8 inch) Display,50MP + 50MP | 50MP Front Camera,7000 mAh Battery,Snapdragon 7 Gen 4 Processor,1 Year Manufacturer Warranty for Device and 6 Months Manufacturer Warranty for Inbox Accessories,"₹38,999","₹42,999",9% off,,"₹31,300"
787,"Samsung M55s (Thunder Black, 128 GB)",4.1,292 Ratings & 20 Reviews,8 GB RAM | 128 GB ROM,17.02 cm (6.7 inch) Full HD+ Display,50MP Rear Camera,5000 mAh Battery,snapdragon Processor,,"₹17,849","₹28,999",38% off,Bank Offer,"₹14,050"
788,HOTLINE POWER,3.9,272 Ratings & 18 Reviews,32 MB RAM | 32 MB ROM,4.57 cm (1.8 inch) Display,0.3MP Rear Camera,3000 mAh Battery,,The Hotline Mobiles has 3 Months Manufacture’s Warranty & after Warranty period we would like to help our customers with the best possible service under low expenses,₹570,₹999,42% off,Bank Offer,
789,"vivo T3 Pro 5G (Sandstone Orange, 256 GB)",4.5,"90,929 Ratings & 5,580 Reviews",8 GB RAM | 256 GB ROM,17.2 cm (6.77 inch) Full HD+ AMOLED Display,50MP + 8MP | 16MP Front Camera,5500 mAh Battery,Snapdragon 7 Gen 3 Processor,1 Year Warranty on Handset and 6 Months Warranty on Accessories,"₹24,999","₹31,999",21% off,Bank Offer,"₹19,600"
790,Kechaoda A26,4,"29,435 Ratings & 1,618 Reviews",32 MB RAM | 32 MB ROM | Expandable Upto 16 GB,1.68 cm (0.66 inch) QVGA Display,0MP | 0MP Front Camera,800 mAh Battery,NA Processor,,₹920,"₹1,599",42% off,Bank Offer,
791,"Samsung Galaxy M17 5G (Sapphire Black, 128 GB)",4,3 Ratings & 1 Reviews,8 GB RAM | 128 GB ROM,17.02 cm (6.7 inch) Display,50MP Rear Camera,5000 mAh Battery,,,"₹16,950","₹19,499",13% off,Bank Offer,
792,"vivo T3 Pro 5G (Emerald Green, 256 GB)",4.5,"90,929 Ratings & 5,580 Reviews",8 GB RAM | 256 GB ROM,17.2 cm (6.77 inch) Full HD+ AMOLED Display,50MP + 8MP | 16MP Front Camera,5500 mAh Battery,Snapdragon 7 Gen 3 Processor,1 Year Warranty on Handset and 6 Months Warranty on Accessories,"₹24,999","₹31,999",21% off,Bank Offer,
793,"Samsung Glaxy S25 Plus 5G (Navy, 512 GB)",4.8,42 Ratings & 4 Reviews,12 GB RAM | 512 GB ROM,17.02 cm (6.7 inch) Quad HD+ Display,50MP + 10MP + 12MP | 12MP Front Camera,4900 mAh Battery,8 Elite for Glaxy Processor,1 Year Manufacturer Warranty for Device and 6 Months for In-Box Accessories,"₹86,999","₹1,11,999",22% off,Super Deals,"₹55,250"
794,Kechaoda K9,4.1,"3,673 Ratings & 300 Reviews",32 MB RAM | 64 MB ROM | Expandable Upto 16 GB,6.1 cm (2.4 inch) QVGA Display,0.3MP Rear Camera,1700 mAh Battery,,1 Year Manufacturer Warranty,"₹1,219","₹1,499",18% off,Super Deals,
795,"realme 15 Pro 5G (Velvet Green, 128 GB)",4.3,"6,723 Ratings & 605 Reviews",8 GB RAM | 128 GB ROM,17.27 cm (6.8 inch) Display,50MP + 50MP | 50MP Front Camera,7000 mAh Battery,Snapdragon 7 Gen 4 Processor,1 Year Manufacturer Warranty for Device and 6 Months Manufacturer Warranty for Inbox Accessories,"₹31,999","₹35,999",11% off,,"₹25,450"
796,"realme 15 Pro 5G (Silk Purple, 256 GB)",4.3,"3,715 Ratings & 290 Reviews",12 GB RAM | 256 GB ROM,17.27 cm (6.8 inch) Display,50MP + 50MP | 50MP Front Camera,7000 mAh Battery,Snapdragon 7 Gen 4 Processor,1 Year Manufacturer Warranty for Device and 6 Months Manufacturer Warranty for Inbox Accessories,"₹35,999","₹39,999",10% off,,"₹28,450"
797,"OPPO K13 Turbo 5G (White Knight, 128 GB)",4.5,"6,837 Ratings & 413 Reviews",8 GB RAM | 128 GB ROM,17.27 cm (6.8 inch) Full HD+ Display,50MP + 2MP | 16MP Front Camera,7000 mAh Battery,Dimensity 8450 Processor,1 Year Manufacturer Warranty for Device and 6 Months Manufacturer Warranty for Inbox Accessories,"₹27,999","₹33,999",17% off,Bank Offer,"₹22,250"
798,"vivo T4 Ultra 5G (Meteor Grey, 512 GB)",4.5,"2,788 Ratings & 267 Reviews",12 GB RAM | 512 GB ROM,16.94 cm (6.67 inch) Full HD+ AMOLED Display,50MP + 8MP + 50MP Periscope | 32MP Front Camera,5500 mAh Battery,Dimensity 9300+ Processor,1 Year Warranty on the Product and 6 Months Warranty on Inbox Accessories,"₹39,999","₹44,999",11% off,,"₹31,500"
799,"realme 15 Pro 5G (Flowing Silver, 256 GB)",4.3,"6,723 Ratings & 605 Reviews",8 GB RAM | 256 GB ROM,17.27 cm (6.8 inch) Display,50MP + 50MP | 50MP Front Camera,7000 mAh Battery,Snapdragon 7 Gen 4 Processor,1 Year Manufacturer Warranty for Device and 6 Months Manufacturer Warranty for Inbox Accessories,"₹33,999","₹37,999",10% off,,"₹26,900"
800,"realme 15 Pro 5G (Flowing Silver, 256 GB)",4.3,"3,715 Ratings & 290 Reviews",12 GB RAM | 256 GB ROM,17.27 cm (6.8 inch) Display,50MP + 50MP | 50MP Front Camera,7000 mAh Battery,Snapdragon 7 Gen 4 Processor,1 Year Manufacturer Warranty for Device and 6 Months Manufacturer Warranty for Inbox Accessories,"₹35,999","₹39,999",10% off,,"₹28,450"
801,"OPPO K13 Turbo 5G (Purple Phantom, 128 GB)",4.5,"6,837 Ratings & 413 Reviews",8 GB RAM | 128 GB ROM,17.27 cm (6.8 inch) Full HD+ Display,50MP + 2MP | 16MP Front Camera,7000 mAh Battery,Dimensity 8450 Processor,1 Year Manufacturer Warranty for Device and 6 Months Manufacturer Warranty for Inbox Accessories,"₹27,999","₹33,999",17% off,Bank Offer,"₹22,250"
802,"Ai+ Nova 5G (Pink, 128 GB)",4.2,"16,583 Ratings & 1,108 Reviews",6 GB RAM | 128 GB ROM | Expandable Upto 1 TB,17.13 cm (6.745 inch) HD+ Display,50MP Rear Camera | 5MP Front Camera,5000 mAh Battery,T8200 Processor,1 Year Warranty on Handset and 6 Months Warranty on the Inbox Accessories,"₹8,499","₹10,999",22% off,Bank Offer,"₹6,500"
803,"realme 14 Pro Lite 5G (Glass Gold, 128 GB)",4.3,679 Ratings & 39 Reviews,8 GB RAM | 128 GB ROM,17.02 cm (6.7 inch) Full HD+ Display,50MP + 8MP + 2MP | 32MP Front Camera,5200 mAh Battery,7s Gen2 Processor,1 Year Manufacturer Warranty for Device and 6 Months Manufacturer Warranty for Inbox Accessories,"₹21,999","₹25,999",15% off,Bank Offer,"₹17,400"
804,"realme 14 Pro Lite 5G (Glass Gold, 256 GB)",4.3,679 Ratings & 39 Reviews,8 GB RAM | 256 GB ROM,17.02 cm (6.7 inch) Full HD+ Display,50MP + 8MP + 2MP | 32MP Front Camera,5200 mAh Battery,7s Gen2 Processor,1 Year Manufacturer Warranty for Device and 6 Months Manufacturer Warranty for Inbox Accessories,"₹23,999","₹27,999",14% off,Bank Offer,"₹18,800"
805,"Apple iPhone 16 Plus (Black, 128 GB)",4.6,"3,922 Ratings & 208 Reviews",,17.02 cm (6.7 inch) Super Retina XDR Display,48MP + 12MP | 12MP Front Camera,,"A18 Chip, 6 Core Processor Processor",,"₹76,999","₹79,900",3% off,,"₹55,250"
806,"Samsung Galaxy M35 5G (DayBreak Blue, 128 GB)",4.4,"28,398 Ratings & 2,160 Reviews",6 GB RAM | 128 GB ROM,16.76 cm (6.6 inch) Display,50MP Rear Camera,6000 mAh Battery,,,"₹21,000","₹24,724",15% off,Bank Offer,
807,Kechaoda K9,4.1,"3,673 Ratings & 300 Reviews",32 MB RAM | 64 MB ROM | Expandable Upto 16 GB,6.1 cm (2.4 inch) QVGA Display,0.3MP Rear Camera,1700 mAh Battery,,1 Year Company Domestic Warranty by Company Authorized Service Center.,"₹1,198","₹1,499",20% off,Bank Offer,
808,"Tecno Spark Go 2 (Turquoise Green, 64 GB)",4.2,"1,841 Ratings & 112 Reviews",4 GB RAM | 64 GB ROM | Expandable Upto 1 TB,16.94 cm (6.67 inch) Display,13MP Rear Camera,5000 mAh Lithium Polymer Battery,T7250 Processor,1 Year Manufacturer Warranty for Phone,"₹7,499","₹8,999",16% off,Bank Offer,"₹5,650"
809,"Tecno Spark Go 2 (Ink Black, 64 GB)",4.4,72 Ratings & 2 Reviews,3 GB RAM | 64 GB ROM | Expandable Upto 1 TB,16.94 cm (6.67 inch) Display,13MP Rear Camera,5000 mAh Lithium Polymer Battery,T7250 Processor,1 Year Manufacturer Warranty for Phone,"₹6,699","₹8,499",21% off,,"₹5,000"
810,"Tecno Spark Go 2 (Titanium Grey, 64 GB)",4.2,"1,841 Ratings & 112 Reviews",4 GB RAM | 64 GB ROM | Expandable Upto 1 TB,16.94 cm (6.67 inch) Display,13MP Rear Camera,5000 mAh Lithium Polymer Battery,T7250 Processor,1 Year Manufacturer Warranty for Phone,"₹7,499","₹8,999",16% off,Bank Offer,"₹5,650"
811,"realme 15 5G (Silk Pink, 128 GB)",4.4,"8,197 Ratings & 676 Reviews",8 GB RAM | 128 GB ROM,17.27 cm (6.8 inch) Display,50MP + 8MP | 50MP Front Camera,7000 mAh Battery,Mediatek Dimensity 7300+ 5G Processor,1 Year Manufacturer Warranty for Device and 6 Months Manufacturer Warranty for Inbox Accessories,"₹25,999","₹29,999",13% off,,"₹20,550"
812,Jmax NANO,3.5,168 Ratings & 7 Reviews,32 MB RAM | 32 MB ROM,1.68 cm (0.66 inch) Display,0.3MP Rear Camera,800 mAh Battery,,1 Year Service Center Warranty,₹777,"₹1,299",40% off,Bank Offer,
813,Jio Bharat V3 JBV191M1 4G Sim Working,3.9,59 Ratings & 4 Reviews,36 MB RAM | 36 MB ROM,4.5 cm (1.77 inch) Display,0.3MP Rear Camera,1000 mAh Battery,,1 Year Manufacturer Warranty,₹829,"₹1,899",56% off,Bank Offer,
814,"realme 15 Pro 5G (Flowing Silver, 128 GB)",4.3,"6,723 Ratings & 605 Reviews",8 GB RAM | 128 GB ROM,17.27 cm (6.8 inch) Display,50MP + 50MP | 50MP Front Camera,7000 mAh Battery,Snapdragon 7 Gen 4 Processor,1 Year Manufacturer Warranty for Device and 6 Months Manufacturer Warranty for Inbox Accessories,"₹31,999","₹35,999",11% off,,"₹25,450"
815,"realme 15 5G (Flowing Silver, 256 GB)",4.4,419 Ratings & 44 Reviews,12 GB RAM | 256 GB ROM,17.27 cm (6.8 inch) Display,50MP + 8MP | 50MP Front Camera,7000 mAh Battery,Mediatek Dimensity 7300+ 5G Processor,1 Year Manufacturer Warranty for Device and 6 Months Manufacturer Warranty for Inbox Accessories,"₹29,999","₹34,999",14% off,,"₹23,700"
816,"OnePlus Nord CE 2 5G (Gray Mirror, 128 GB)",4.3,"3,859 Ratings & 316 Reviews",8 GB RAM | 128 GB ROM,16.33 cm (6.43 inch) Display,50MP Rear Camera,4500 mAh Battery,,,"₹18,990","₹24,999",24% off,Super Deals,
817,"POCO F7 5G (Phantom Black, 256 GB)",4.4,"15,611 Ratings & 1,575 Reviews",12 GB RAM | 256 GB ROM,17.35 cm (6.83 inch) Display,50MP Rear Camera | 20MP Front Camera,7550 mAh Li-Polymer + Silicon Carbon Battery,8s Gen 4 Processor,1 Year Manufacturer Warranty for Phone and 6 Months Warranty for In the Box Accessories,"₹30,999","₹35,999",13% off,Bank Offer,"₹24,600"
818,"Samsung Galaxy M16 5G (Blush Pink, 128 GB)",4.2,"1,066 Ratings & 54 Reviews",6 GB RAM | 128 GB ROM,17.02 cm (6.7 inch) Display,50MP Rear Camera,5000 mAh Battery,,1 Year Manufacturer Warranty for Phone and 6 Months Warranty for In the Box Accessories,"₹13,350","₹16,809",20% off,Bank Offer,"₹10,450"
819,"realme 15 5G (Velvet Green, 128 GB)",4.4,"8,197 Ratings & 676 Reviews",8 GB RAM | 128 GB ROM,17.27 cm (6.8 inch) Display,50MP + 8MP | 50MP Front Camera,7000 mAh Battery,Mediatek Dimensity 7300+ 5G Processor,1 Year Manufacturer Warranty for Device and 6 Months Manufacturer Warranty for Inbox Accessories,"₹25,999","₹29,999",13% off,,"₹20,550"
820,"realme 15 5G (Flowing Silver, 128 GB)",4.4,"8,197 Ratings & 676 Reviews",8 GB RAM | 128 GB ROM,17.27 cm (6.8 inch) Display,50MP + 8MP | 50MP Front Camera,7000 mAh Battery,Mediatek Dimensity 7300+ 5G Processor,1 Year Manufacturer Warranty for Device and 6 Months Manufacturer Warranty for Inbox Accessories,"₹25,999","₹29,999",13% off,,"₹20,550"
821,"realme 15 5G (Silk Pink, 256 GB)",4.4,"8,197 Ratings & 676 Reviews",8 GB RAM | 256 GB ROM,17.27 cm (6.8 inch) Display,50MP + 8MP | 50MP Front Camera,7000 mAh Battery,Mediatek Dimensity 7300+ 5G Processor,1 Year Manufacturer Warranty for Device and 6 Months Manufacturer Warranty for Inbox Accessories,"₹27,999","₹31,999",12% off,,"₹22,250"
822,"realme 15 5G (Velvet Green, 256 GB)",4.4,"8,197 Ratings & 676 Reviews",8 GB RAM | 256 GB ROM,17.27 cm (6.8 inch) Display,50MP + 8MP | 50MP Front Camera,7000 mAh Battery,Mediatek Dimensity 7300+ 5G Processor,1 Year Manufacturer Warranty for Device and 6 Months Manufacturer Warranty for Inbox Accessories,"₹27,999","₹31,999",12% off,,"₹22,250"
823,"realme 15 5G (Flowing Silver, 256 GB)",4.4,"8,197 Ratings & 676 Reviews",8 GB RAM | 256 GB ROM,17.27 cm (6.8 inch) Display,50MP + 8MP | 50MP Front Camera,7000 mAh Battery,Mediatek Dimensity 7300+ 5G Processor,1 Year Manufacturer Warranty for Device and 6 Months Manufacturer Warranty for Inbox Accessories,"₹27,999","₹31,999",12% off,,"₹22,250"
824,"Nothing Phone (3) (Black, 256 GB)",4.4,"2,616 Ratings & 256 Reviews",12 GB RAM | 256 GB ROM,16.94 cm (6.67 inch) Display,50MP + 50MP + 50MP | 50MP Front Camera,5500 mAh Battery,8s Gen 4 Mobile Platform Processor,1 Year Manufacturing Warranty,"₹79,999","₹84,999",5% off,,"₹55,250"
825,"TOUCH 18 ROCK Z Flip Dual Sim |Keypad Mobile| With 2.4"" Display |Flip|Fold| Call & SMS",4.3,21 Ratings & 1 Reviews,32 MB RAM | 32 MB ROM,6.1 cm (2.4 inch) Display,0.3MP Rear Camera,1800 mAh Battery,,3 Months Company Warranty,"₹1,998","₹3,299",39% off,Bank Offer,
826,"vivo V60 5G (Moonlit Blue, 256 GB)",4.5,"2,103 Ratings & 163 Reviews",8 GB RAM | 256 GB ROM,17.2 cm (6.77 inch) Display,50MP + 8MP + 50MP | 50MP Front Camera,6500 mAh Battery,7 Gen 4 Processor,1 Year Manufacturer Warranty for Device and 6 Months Manufacturer Warranty for Inbox Accessories,"₹38,999","₹43,999",11% off,,"₹31,300"
827,"Xiaomi 14 CIVI (Panda White, 512 GB)",4.3,"1,039 Ratings & 100 Reviews",12 GB RAM | 512 GB ROM,16.64 cm (6.55 inch) Display,50MP Rear Camera | 32MP + 32MP Dual Front Camera,4700 mAh Battery,8s Gen 3 Mobile Platform Processor,1 Year Manufacturer Warranty for Phone and 6 Months Warranty for In the Box Accessories,"₹36,999","₹59,999",38% off,Super Deals,"₹29,500"
828,"Samsung Galaxy M17 5G (Moonlight Silver, 128 GB)",4.2,10 Ratings & 1 Reviews,6 GB RAM | 128 GB ROM,17.02 cm (6.7 inch) Display,50MP Rear Camera,5000 mAh Battery,,,"₹14,980","₹17,999",16% off,Super Deals,
829,Kechaoda K9,4.1,"3,673 Ratings & 300 Reviews",32 MB RAM | 64 MB ROM | Expandable Upto 16 GB,6.1 cm (2.4 inch) QVGA Display,0.3MP Rear Camera,1700 mAh Battery,,1 Year Company Domestic Warranty by Company Authorized Service Center.,"₹1,249","₹1,499",16% off,Bank Offer,
830,"Tecno Spark Go 2 (Turquoise Green, 64 GB)",4.4,72 Ratings & 2 Reviews,3 GB RAM | 64 GB ROM | Expandable Upto 1 TB,16.94 cm (6.67 inch) Display,13MP Rear Camera,5000 mAh Lithium Polymer Battery,T7250 Processor,1 Year Manufacturer Warranty for Phone,"₹6,699","₹8,499",21% off,,"₹5,000"
831,Jio B1 Keypad Phone (UPI) Locked,3.5,"3,392 Ratings & 124 Reviews",50 MB RAM | 50 MB ROM | Expandable Upto 128 GB,6.1 cm (2.4 inch) VGA Display,0.3MP + 0MP | 0MP Front Camera,2000 mAh Battery,,7 days Manufacturer Warranty,"₹1,790","₹2,599",31% off,Bank Offer,
832,"POCO X7 5G (Yellow, 128 GB)",4.3,"25,414 Ratings & 1,964 Reviews",8 GB RAM | 128 GB ROM,16.94 cm (6.67 inch) Display,50MP + 8MP + 2MP | 20MP Front Camera,5500 mAh Battery,Dimensity 7300 Ultra Processor,1 Year Manufacturer Warranty for Phone and 6 Months Warranty for In the Box Accessories,"₹16,999","₹24,999",32% off,Bank Offer,"₹13,400"
833,MOTOROLA Moto A200,3.9,486 Ratings & 52 Reviews,56 MB RAM | 36 MB ROM | Expandable Upto 64 GB,4.5 cm (1.77 inch) HVGA Display,0MP | 0MP Front Camera,800 mAh Battery,NA Processor,2 Years Domestic Replacement Warranty,"₹1,299","₹1,549",16% off,Bank Offer,
834,"Tecno Spark Go 2 (Veil White, 64 GB)",4.4,72 Ratings & 2 Reviews,3 GB RAM | 64 GB ROM | Expandable Upto 1 TB,16.94 cm (6.67 inch) Display,13MP Rear Camera,5000 mAh Lithium Polymer Battery,T7250 Processor,1 Year Manufacturer Warranty for Phone,"₹6,699","₹8,499",21% off,,"₹5,000"
835,Kechaoda K28 PRO,3.8,248 Ratings & 15 Reviews,32 MB RAM | 64 MB ROM | Expandable Upto 16 GB,6.1 cm (2.4 inch) QVGA Display,0.3MP Rear Camera,3000 mAh Battery,,1 Year Manufacturer Warranty,"₹1,249","₹1,999",37% off,Bank Offer,
836,Lvix L1 310,3.4,"1,328 Ratings & 59 Reviews",16 MB RAM | 32 MB ROM,4.5 cm (1.77 inch) Display,0.3MP Rear Camera,1000 mAh Battery,,,₹619,₹999,38% off,Bank Offer,
837,"Samsung Galaxy A17 5G (Gray, 256 GB)",4.3,160 Ratings & 8 Reviews,8 GB RAM | 256 GB ROM | Expandable Upto 2 TB,17.02 cm (6.7 inch) Full HD+ Display,50MP + 5MP + 2MP | 13MP Front Camera,5000 mAh Battery,Samsung Exynos 1330 Processor,1 Year Manufacturer Warranty for Device and 6 Months for In-Box Accessories,"₹21,225","₹26,499",19% off,Bank Offer,
838,"Samsung Galaxy A17 5G (Gray, 128 GB)",4.3,160 Ratings & 8 Reviews,8 GB RAM | 128 GB ROM | Expandable Upto 2 TB,17.02 cm (6.7 inch) Full HD+ Display,50MP + 5MP + 2MP | 13MP Front Camera,5000 mAh Battery,Samsung Exynos 1330 Processor,1 Year Manufacturer Warranty for Device and 6 Months for In-Box Accessories,"₹19,461","₹23,499",17% off,Bank Offer,
839,"Samsung Galaxy A17 5G (Black, 128 GB)",4.3,160 Ratings & 8 Reviews,8 GB RAM | 128 GB ROM | Expandable Upto 2 TB,17.02 cm (6.7 inch) Full HD+ Display,50MP + 5MP + 2MP | 13MP Front Camera,5000 mAh Battery,Samsung Exynos 1330 Processor,1 Year Manufacturer Warranty for Device and 6 Months for In-Box Accessories,"₹19,443","₹23,499",17% off,Bank Offer,
840,Lvix L1 310,3.4,"1,328 Ratings & 59 Reviews",16 MB RAM | 32 MB ROM,4.5 cm (1.77 inch) Display,0.3MP Rear Camera,1000 mAh Battery,,,₹619,₹999,38% off,Bank Offer,
841,"Samsung Galaxy A17 5G (Gray, 256 GB)",4.3,160 Ratings & 8 Reviews,8 GB RAM | 256 GB ROM | Expandable Upto 2 TB,17.02 cm (6.7 inch) Full HD+ Display,50MP + 5MP + 2MP | 13MP Front Camera,5000 mAh Battery,Samsung Exynos 1330 Processor,1 Year Manufacturer Warranty for Device and 6 Months for In-Box Accessories,"₹21,225","₹26,499",19% off,Bank Offer,
842,"Samsung Galaxy A17 5G (Black, 256 GB)",4.3,160 Ratings & 8 Reviews,8 GB RAM | 256 GB ROM | Expandable Upto 2 TB,17.02 cm (6.7 inch) Full HD+ Display,50MP + 5MP + 2MP | 13MP Front Camera,5000 mAh Battery,Samsung Exynos 1330 Processor,1 Year Manufacturer Warranty for Device and 6 Months for In-Box Accessories,"₹21,229","₹26,499",19% off,Bank Offer,
843,"Samsung Galaxy A17 5G (Blue, 128 GB)",4.3,160 Ratings & 8 Reviews,8 GB RAM | 128 GB ROM | Expandable Upto 2 TB,17.02 cm (6.7 inch) Full HD+ Display,50MP + 5MP + 2MP | 13MP Front Camera,5000 mAh Battery,Samsung Exynos 1330 Processor,1 Year Manufacturer Warranty for Device and 6 Months for In-Box Accessories,"₹19,203","₹23,499",18% off,Bank Offer,
844,"Samsung Galaxy A17 5G (Black, 128 GB)",4.3,160 Ratings & 8 Reviews,8 GB RAM | 128 GB ROM | Expandable Upto 2 TB,17.02 cm (6.7 inch) Full HD+ Display,50MP + 5MP + 2MP | 13MP Front Camera,5000 mAh Battery,Samsung Exynos 1330 Processor,1 Year Manufacturer Warranty for Device and 6 Months for In-Box Accessories,"₹19,443","₹23,499",17% off,Bank Offer,
845,"Tecno Pova 6 Neo 5G (Aurora Cloud, 128 GB)",4.3,"5,583 Ratings & 336 Reviews",6 GB RAM | 128 GB ROM | Expandable Upto 1 TB,16.94 cm (6.67 inch) Display,108MP Rear Camera | 8MP Front Camera,5000 mAh Battery,Dimensity 6300 5G Processor,1 Year Manufacturer Warranty for Phone,"₹11,999","₹15,999",25% off,Bank Offer,"₹9,300"
846,"Samsung Galaxy A17 5G (Blue, 256 GB)",4.3,160 Ratings & 8 Reviews,8 GB RAM | 256 GB ROM | Expandable Upto 2 TB,17.02 cm (6.7 inch) Full HD+ Display,50MP + 5MP + 2MP | 13MP Front Camera,5000 mAh Battery,Samsung Exynos 1330 Processor,1 Year Manufacturer Warranty for Device and 6 Months for In-Box Accessories,"₹21,319","₹26,499",19% off,Bank Offer,
847,"Samsung Galaxy A17 5G (Gray, 128 GB)",4.3,160 Ratings & 8 Reviews,8 GB RAM | 128 GB ROM | Expandable Upto 2 TB,17.02 cm (6.7 inch) Full HD+ Display,50MP + 5MP + 2MP | 13MP Front Camera,5000 mAh Battery,Samsung Exynos 1330 Processor,1 Year Manufacturer Warranty for Device and 6 Months for In-Box Accessories,"₹19,461","₹23,499",17% off,Bank Offer,
848,"vivo V60 5G (Auspicious Gold, 256 GB)",4.5,"2,103 Ratings & 163 Reviews",8 GB RAM | 256 GB ROM,17.2 cm (6.77 inch) Display,50MP + 8MP + 50MP | 50MP Front Camera,6500 mAh Battery,7 Gen 4 Processor,1 Year Manufacturer Warranty for Device and 6 Months Manufacturer Warranty for Inbox Accessories,"₹38,999","₹43,999",11% off,,"₹31,300"
849,"vivo V60 5G (Auspicious Gold, 256 GB)",4.5,994 Ratings & 81 Reviews,12 GB RAM | 256 GB ROM,17.2 cm (6.77 inch) Display,50MP + 8MP + 50MP | 50MP Front Camera,6500 mAh Battery,7 Gen 4 Processor,1 Year Manufacturer Warranty for Device and 6 Months Manufacturer Warranty for Inbox Accessories,"₹40,999","₹45,999",10% off,,"₹31,500"
850,"vivo Y31 5G (Rose Red, 128 GB)",4.4,126 Ratings & 2 Reviews,4 GB RAM | 128 GB ROM,16.97 cm (6.68 inch) Full HD+ Display,50MP + 0.08MP | 8MP Front Camera,6500 mAh Battery,4 Gen 2 Processor,1 Year Warranty,"₹14,999","₹19,999",25% off,,"₹11,750"
851,"OPPO F29 5G (Solid Purple, 128 GB)",4.4,"2,431 Ratings & 134 Reviews",8 GB RAM | 128 GB ROM,17.02 cm (6.7 inch) Full HD+ Display,50MP + 2MP | 16MP Front Camera,6500 mAh Battery,6 Gen 1 Processor,1 Year Warranty on Handset and 6 Months Warranty on Accessories,"₹18,999","₹28,999",34% off,Bank Offer,"₹14,800"
852,Jio F220B,2.8,118 Ratings & 11 Reviews,512 MB RAM | 4.0 GB ROM,6.1 cm (2.4 inch) Display,2MP Rear Camera,1500 mAh Battery,,,"₹1,527","₹2,999",49% off,Bank Offer,
853,"Samsung Galaxy F36 5G (Red, 128 GB)",4.2,"3,615 Ratings & 257 Reviews",8 GB RAM | 128 GB ROM | Expandable Upto 2 TB,17.02 cm (6.7 inch) Full HD+ Display,50MP + 8MP + 2MP | 13MP Front Camera,5000 mAh Battery,Samsung Exynos 1380 Processor,1 Year Manufacturer Warranty for Device and 6 Months for In-Box Accessories,"₹17,499","₹24,499",28% off,Bank Offer,"₹13,800"
854,"vivo Y19 5G (Silver, 64 GB)",4.3,"1,536 Ratings & 60 Reviews",4 GB RAM | 64 GB ROM,17.12 cm (6.74 inch) Display,13MP Rear Camera,5500 mAh Battery,,,"₹10,599","₹13,999",24% off,Bank Offer,
855,UiSmart Ui-06,4,"3,650 Ratings & 316 Reviews",512 MB RAM | 256 MB ROM | Expandable Upto 8 GB,4.5 cm (1.77 inch) QVGA Display,2MP + 0MP | 0MP Front Camera,1050 mAh Battery,Feature Phone Processor,,"₹1,650","₹2,199",24% off,Bank Offer,
856,"realme 15 Pro 5G (Silk Purple, 256 GB)",4.3,"6,723 Ratings & 605 Reviews",8 GB RAM | 256 GB ROM,17.27 cm (6.8 inch) Display,50MP + 50MP | 50MP Front Camera,7000 mAh Battery,Snapdragon 7 Gen 4 Processor,1 Year Manufacturer Warranty for Device and 6 Months Manufacturer Warranty for Inbox Accessories,"₹33,999","₹37,999",10% off,,"₹26,900"
857,"OPPO K13 Turbo 5G (Midnight Maverick, 256 GB)",4.5,"6,837 Ratings & 413 Reviews",8 GB RAM | 256 GB ROM,17.27 cm (6.8 inch) Full HD+ Display,50MP + 2MP | 16MP Front Camera,7000 mAh Battery,Dimensity 8450 Processor,1 Year Manufacturer Warranty for Device and 6 Months Manufacturer Warranty for Inbox Accessories,"₹29,999","₹35,999",16% off,Bank Offer,"₹23,700"
858,HOTLINE AMAZE CLEAR 32,3.2,29 Ratings & 3 Reviews,32 MB RAM | 32 MB ROM | Expandable Upto 32 GB,4.57 cm (1.8 inch) NA Display,,1000 mAh Battery,NA Processor,3 Months Domestic Warranty,₹470,₹999,52% off,Bank Offer,
859,"Motorola g45 5G (Brilliant Blue, 128 GB)",4.3,"52,203 Ratings & 3,061 Reviews",4 GB RAM | 128 GB ROM | Expandable Upto 1 TB,16.51 cm (6.5 inch) HD+ Display,50MP + 2MP | 16MP Front Camera,5000 mAh Battery,Snapdragon 6s Gen 3 Processor,1 Year Warranty on Handset and 6 Months Warranty on Accessories,"₹9,999","₹12,999",23% off,Super Deals,"₹7,700"
860,"Tecno Pop 9 5G (Azure Sky, 64 GB)",4,139 Ratings & 8 Reviews,4 GB RAM | 64 GB ROM | Expandable Upto 1 TB,16.94 cm (6.67 inch) HD+ Display,48MP Rear Camera | 8MP Front Camera,5000 mAh Battery,Dimensity 6300 5G Processor,1 Year Manufacturer Warranty for Phone,"₹11,489",,,Bank Offer,
861,"OPPO K12x 5G with 45W SUPERVOOC Charger In-The-Box (Feather Pink, 128 GB)",4.5,"1,91,698 Ratings & 6,667 Reviews",6 GB RAM | 128 GB ROM | Expandable Upto 1 TB,16.94 cm (6.67 inch) HD Display,32MP + 2MP | 8MP Front Camera,5100 mAh Battery,Dimensity 6300 Processor,1 Year Manufacturer Warranty for Device and 6 Months Manufacturer Warranty for Inbox Accessories,"₹12,999","₹16,999",23% off,Bank Offer,"₹10,100"
862,"OPPO RENO 13 5G (Luminous Blue, 128 GB)",4.2,253 Ratings & 20 Reviews,8 GB RAM | 128 GB ROM,16.74 cm (6.59 inch) Display,50MP Rear Camera,5600 mAh Battery,,1 Year Warranty on Handset and 6 Months Warranty on Accessories,"₹24,978","₹41,999",40% off,Super Deals,"₹19,600"
863,"realme 15T 5G (Flowing Silver, 256 GB)",4.3,"4,140 Ratings & 283 Reviews",8 GB RAM | 256 GB ROM,16.69 cm (6.57 inch) Full HD Display,50MP + 2MP | 50MP Front Camera,7000 mAh Battery,MediaTek Dimensity 6400 MAX Processor,1 Year Manufacturer Warranty for Device and 6 Months Manufacturer Warranty for Inbox Accessories,"₹23,999","₹24,999",4% off,Bank Offer,"₹18,800"
864,"realme 15T 5G (Suit Titanium, 256 GB)",4.3,"4,140 Ratings & 283 Reviews",8 GB RAM | 256 GB ROM,16.69 cm (6.57 inch) Full HD Display,50MP + 2MP | 50MP Front Camera,7000 mAh Battery,MediaTek Dimensity 6400 MAX Processor,1 Year Manufacturer Warranty for Device and 6 Months Manufacturer Warranty for Inbox Accessories,"₹23,999","₹24,999",4% off,Bank Offer,"₹18,800"
865,GFive SHARK NEW,3.6,244 Ratings & 8 Reviews,32 MB RAM | 32 MB ROM,4.57 cm (1.8 inch) Display,0.3MP Rear Camera,1000 mAh Battery,,3 Month Domestic Warranty.,₹475,₹999,52% off,Bank Offer,
866,"REDMI 13 5G (Orchid Pink, 128 GB)",4.3,"47,703 Ratings & 2,376 Reviews",6 GB RAM | 128 GB ROM | Expandable Upto 1 TB,17.25 cm (6.79 inch) Full HD+ Display,108MP + 2MP | 13MP Front Camera,5030 mAh Lithium Polymer Battery,4 Gen 2 AE Processor,1 Year Manufacturer Warranty for Phone and 6 Months Warranty for In the Box Accessories,"₹12,499","₹17,999",30% off,,"₹9,750"
867,Pious M28 Keypad Mobile Phone 2.8 inch Display With 3000 mAh Big Battery & 2 MP Camera,3.5,78 Ratings & 20 Reviews,32 MB RAM | 32 MB ROM,7.11 cm (2.8 inch) NA Display,2MP Rear Camera,3000 mAh Battery,,,"₹1,491","₹2,999",50% off,Bank Offer,
868,"Apple iPhone 16 Pro Max (Natural Titanium, 256 GB)",4.7,"15,395 Ratings & 803 Reviews",,17.53 cm (6.9 inch) Super Retina XDR Display,48MP + 48MP + 12MP | 12MP Front Camera,,"A18 Pro Chip, 6 Core Processor Processor",,"₹1,34,900",,,Bank Offer,"₹55,250"
869,BlackZone F1,4,126 Ratings & 3 Reviews,32 MB RAM | 32 MB ROM,4.5 cm (1.77 inch) Display,0.3MP Rear Camera,1100 mAh Battery,,1 Year Manufacturer Warranty for Device,₹999,"₹2,199",54% off,Bank Offer,
870,"OnePlus Nord 4 5G (Obsidian Midnight, 256 GB)",4.5,"4,530 Ratings & 276 Reviews",8 GB RAM | 256 GB ROM,17.12 cm (6.74 inch) Display,50MP Rear Camera,5500 mAh Battery,,,"₹28,999","₹32,999",12% off,Bank Offer,"₹22,950"
871,Lvix L1 310,3.4,"1,328 Ratings & 59 Reviews",16 MB RAM | 32 MB ROM,4.5 cm (1.77 inch) Display,0.3MP Rear Camera,1000 mAh Battery,,3 Months Warranty,₹619,₹999,38% off,Bank Offer,
872,"realme 15T 5G (Suit Titanium, 128 GB)",4.3,"4,140 Ratings & 283 Reviews",8 GB RAM | 128 GB ROM,16.69 cm (6.57 inch) Full HD Display,50MP + 2MP | 50MP Front Camera,7000 mAh Battery,MediaTek Dimensity 6400 MAX Processor,1 Year Manufacturer Warranty for Device and 6 Months Manufacturer Warranty for Inbox Accessories,"₹21,999","₹22,999",4% off,Bank Offer,"₹17,400"
873,"OPPO K13 Turbo 5G (Purple Phantom, 256 GB)",4.5,"6,837 Ratings & 413 Reviews",8 GB RAM | 256 GB ROM,17.27 cm (6.8 inch) Full HD+ Display,50MP + 2MP | 16MP Front Camera,7000 mAh Battery,Dimensity 8450 Processor,1 Year Manufacturer Warranty for Device and 6 Months Manufacturer Warranty for Inbox Accessories,"₹29,999","₹35,999",16% off,Bank Offer,"₹23,700"
874,"vivo V60 5G (Moonlit Blue, 256 GB)",4.5,994 Ratings & 81 Reviews,12 GB RAM | 256 GB ROM,17.2 cm (6.77 inch) Display,50MP + 8MP + 50MP | 50MP Front Camera,6500 mAh Battery,7 Gen 4 Processor,1 Year Manufacturer Warranty for Device and 6 Months Manufacturer Warranty for Inbox Accessories,"₹40,999","₹45,999",10% off,,"₹31,500"
875,"Nokia 106-SS-1578,32 MB,1000 mAh Battery.",3.8,"1,925 Ratings & 111 Reviews",32 MB RAM | 32 MB ROM,17.02 cm (6.7 inch) Display,,1000 mAh Battery,SC6531E Processor,,"₹1,695","₹1,699",,Bank Offer,
876,"vivo Y31 5G (Diamond Green, 128 GB)",4.4,126 Ratings & 2 Reviews,4 GB RAM | 128 GB ROM,16.97 cm (6.68 inch) Full HD+ Display,50MP + 0.08MP | 8MP Front Camera,6500 mAh Battery,4 Gen 2 Processor,1 Year Warranty,"₹14,999","₹19,999",25% off,,"₹11,750"
877,"vivo Y31 5G (Diamond Green, 128 GB)",4.4,160 Ratings & 3 Reviews,6 GB RAM | 128 GB ROM,16.97 cm (6.68 inch) Full HD+ Display,50MP + 0.08MP | 8MP Front Camera,6500 mAh Battery,4 Gen 2 Processor,1 Year Warranty,"₹16,499","₹21,499",23% off,,"₹12,850"
878,Jio V4,3.8,105 Ratings & 6 Reviews,36 MB RAM | 36 MB ROM,4.5 cm (1.77 inch) QVGA Display,0.3MP Rear Camera,1000 mAh Battery,,,₹769,"₹1,899",59% off,Bank Offer,
879,"POCO M7 Plus 5G (Carbon Black, 128 GB)",4.2,719 Ratings & 44 Reviews,4 GB RAM | 128 GB ROM | Expandable Upto 2 TB,17.53 cm (6.9 inch) Display,50MP Rear Camera,7000 mAh Battery,Snapdragon 6s Gen 3 5G Processor,1 Year Manufacturer Warranty for Phone and 6 Months Warranty for In the Box Accessories,"₹11,999","₹15,999",25% off,Super Deals,"₹9,300"
880,"realme 15 Pro 5G (Velvet Green, 256 GB)",4.3,"3,715 Ratings & 290 Reviews",12 GB RAM | 256 GB ROM,17.27 cm (6.8 inch) Display,50MP + 50MP | 50MP Front Camera,7000 mAh Battery,Snapdragon 7 Gen 4 Processor,1 Year Manufacturer Warranty for Device and 6 Months Manufacturer Warranty for Inbox Accessories,"₹35,999","₹39,999",10% off,Bank Offer,"₹28,450"
881,"Tecno Spark Go 1 (Glittery White, 64 GB)",4.3,"1,707 Ratings & 82 Reviews",3 GB RAM | 64 GB ROM | Expandable Upto 1 TB,16.94 cm (6.67 inch) Display,13MP Rear Camera | 8MP Front Camera,5000 mAh Battery,Unisoc T61 Processor,1 Year Manufacturer Warranty for Phone,"₹6,899","₹8,599",19% off,Bank Offer,
882,"vivo Y31 5G (Rose Red, 128 GB)",4.4,160 Ratings & 3 Reviews,6 GB RAM | 128 GB ROM,16.97 cm (6.68 inch) Full HD+ Display,50MP + 0.08MP | 8MP Front Camera,6500 mAh Battery,4 Gen 2 Processor,1 Year Warranty,"₹16,499","₹21,499",23% off,,"₹12,850"
883,"OPPO K12x 5G with 45W SUPERVOOC Charger In-The-Box (Midnight Violet, 128 GB)",4.5,"1,91,698 Ratings & 6,667 Reviews",6 GB RAM | 128 GB ROM | Expandable Upto 1 TB,16.94 cm (6.67 inch) HD Display,32MP + 2MP | 8MP Front Camera,5100 mAh Battery,Dimensity 6300 Processor,1 Year Manufacturer Warranty for Device and 6 Months Manufacturer Warranty for Inbox Accessories,"₹12,999","₹16,999",23% off,Bank Offer,"₹10,100"
884,"REDMI 14C 5G (Starlight Blue, 128 GB)",4.2,"7,758 Ratings & 387 Reviews",4 GB RAM | 128 GB ROM | Expandable Upto 1 TB,17.48 cm (6.88 inch) HD+ Display,50MP Rear Camera | 8MP Front Camera,5160 mAh Battery,4 Gen 2 5G Processor,1 Year Manufacturer Warranty for Phone and 6 Months Warranty for In the Box Accessories,"₹9,999","₹13,999",28% off,Super Deals,"₹7,700"
885,Kechaoda K9,4.1,"3,673 Ratings & 300 Reviews",32 MB RAM | 64 MB ROM | Expandable Upto 16 GB,6.1 cm (2.4 inch) QVGA Display,0.3MP Rear Camera,1700 mAh Battery,,1 Year Company Domestic Warranty by Company Authorized Service Center.,"₹1,199","₹1,499",20% off,Bank Offer,
886,"REDMI 13c 5G (Startrail Silver, 128 GB)",4.3,"42,489 Ratings & 1,760 Reviews",6 GB RAM | 128 GB ROM,17.12 cm (6.74 inch) Display,50MP Rear Camera,5000 mAh Battery,,,"₹11,999","₹15,999",25% off,Bank Offer,"₹9,300"
887,"Samsung Galaxy A06 (Black, 128 GB)",4.1,337 Ratings & 21 Reviews,4 GB RAM | 128 GB ROM | Expandable Upto 1 TB,17.02 cm (6.7 inch) HD+ Display,50MP + 2MP | 8MP Front Camera,5000 mAh Battery,Mediatek Helio G85 Processor,1 Year Manufacturer Warranty for Device and 6 Months for In-Box Accessories,"₹8,999","₹12,499",28% off,Super Deals,
888,"Tecno Pova 6 Neo 5G (Aurora Cloud, 256 GB)",4.1,701 Ratings & 56 Reviews,8 GB RAM | 256 GB ROM | Expandable Upto 1 TB,16.94 cm (6.67 inch) Display,108MP Rear Camera | 8MP Front Camera,5000 mAh Battery,Dimensity 6300 5G Processor,1 Year Manufacturer Warranty for Phone,"₹13,999","₹16,999",17% off,Bank Offer,"₹11,000"
889,"Apple iPhone 17 Pro Max (Silver, 1 TB)",4.8,261 Ratings & 27 Reviews,,17.53 cm (6.9 inch) Super Retina XDR Display,48MP + 48MP + 48MP | 18MP Front Camera,,"A19 Chip, 6 Core Processor Processor",Apple One (1) Year Limited Warranty,"₹1,89,900",,,Bank Offer,"₹55,250"
890,"Samsung Galaxy M16 5G (Mint Green, 128 GB)",4.2,"1,066 Ratings & 54 Reviews",6 GB RAM | 128 GB ROM,17.02 cm (6.7 inch) Display,50MP Rear Camera,5000 mAh Battery,,1 Year Manufacturer Warranty for Phone and 6 Months Warranty for In the Box Accessories,"₹13,490","₹15,499",12% off,Bank Offer,"₹10,450"
891,"OPPO F27 Pro+ (Midnight Navy, 256 GB)",4.4,"15,728 Ratings & 673 Reviews",8 GB RAM | 256 GB ROM,17.02 cm (6.7 inch) Full HD+ Display,64MP + 2MP | 8MP Front Camera,5000 mAh Battery,Dimensity 7050 Processor,1 Year Manufacturer Warranty for Device and 6 Months Manufacturer Warranty for Inbox Accessories,"₹22,800","₹34,999",34% off,Bank Offer,"₹17,850"
892,"OPPO F31 Pro 5G (Desert Gold, 128 GB)",4.3,383 Ratings & 33 Reviews,8 GB RAM | 128 GB ROM,16.69 cm (6.57 inch) Full HD+ Display,50MP + 2MP | 32MP Front Camera,7000 mAh Battery,Dimensity 7300 Processor,,"₹26,999","₹31,999",15% off,,"₹24,200"
893,"OPPO K12x 5G with 45W SUPERVOOC Charger In-The-Box (Breeze Blue, 128 GB)",4.5,"1,91,698 Ratings & 6,667 Reviews",6 GB RAM | 128 GB ROM | Expandable Upto 1 TB,16.94 cm (6.67 inch) HD Display,32MP + 2MP | 8MP Front Camera,5100 mAh Battery,Dimensity 6300 Processor,1 Year Manufacturer Warranty for Device and 6 Months Manufacturer Warranty for Inbox Accessories,"₹12,999","₹16,999",23% off,,"₹10,100"
894,"Apple iPhone 15 (Pink, 128 GB)",4.6,"2,69,391 Ratings & 9,459 Reviews",,15.49 cm (6.1 inch) Super Retina XDR Display,48MP + 12MP | 12MP Front Camera,,"A16 Bionic Chip, 6 Core Processor Processor",,"₹59,900",,,Bank Offer,"₹42,800"
895,"MOTOROLA Razr 50 Ultra (Midnight blue, 512 GB)",4,48 Ratings & 5 Reviews,12 GB RAM | 512 GB ROM,17.53 cm (6.9 inch) Full HD+ Display,,4000 mAh Battery,Octa-core Processor,,"₹55,799","₹1,19,000",53% off,Bank Offer,
896,"OPPO K13 Turbo 5G (White Knight, 256 GB)",4.5,"6,837 Ratings & 413 Reviews",8 GB RAM | 256 GB ROM,17.27 cm (6.8 inch) Full HD+ Display,50MP + 2MP | 16MP Front Camera,7000 mAh Battery,Dimensity 8450 Processor,1 Year Manufacturer Warranty for Device and 6 Months Manufacturer Warranty for Inbox Accessories,"₹29,999","₹35,999",16% off,Bank Offer,"₹23,700"
897,"Tecno Pova 6 Neo 5G (Midnight Shadow, 128 GB)",4.3,"5,583 Ratings & 336 Reviews",6 GB RAM | 128 GB ROM | Expandable Upto 1 TB,16.94 cm (6.67 inch) Display,108MP Rear Camera | 8MP Front Camera,5000 mAh Battery,Dimensity 6300 5G Processor,1 Year Manufacturer Warranty for Phone,"₹11,999","₹15,999",25% off,,"₹9,300"
898,"Tecno Pova 6 Neo 5G (Midnight Shadow, 256 GB)",4.1,701 Ratings & 56 Reviews,8 GB RAM | 256 GB ROM | Expandable Upto 1 TB,16.94 cm (6.67 inch) Display,108MP Rear Camera | 8MP Front Camera,5000 mAh Battery,Dimensity 6300 5G Processor,1 Year Manufacturer Warranty for Phone,"₹13,999","₹16,999",17% off,Bank Offer,"₹11,000"
899,"POCO X6 Pro 5G (Yellow, 256 GB)",4.3,"25,330 Ratings & 2,581 Reviews",8 GB RAM | 256 GB ROM,16.94 cm (6.67 inch) Display,64MP + 8MP + 2MP | 16MP Front Camera,5000 mAh Battery,Dimensity D8300 Ultra Processor,1 Year Manufacturer Warranty for Phone and 6 Months Warranty for In the Box Accessories,"₹26,999","₹30,999",12% off,Bank Offer,"₹21,200"
900,"Tecno Pova 6 Neo 5G (Azure Sky, 256 GB)",4.1,701 Ratings & 56 Reviews,8 GB RAM | 256 GB ROM | Expandable Upto 1 TB,16.94 cm (6.67 inch) Display,108MP Rear Camera | 8MP Front Camera,5000 mAh Battery,Dimensity 6300 5G Processor,1 Year Manufacturer Warranty for Phone,"₹13,999","₹16,999",17% off,Bank Offer,"₹11,000"
901,"vivo V60 5G (Auspicious Gold, 512 GB)",4.5,536 Ratings & 42 Reviews,16 GB RAM | 512 GB ROM,17.2 cm (6.77 inch) Display,50MP + 8MP + 50MP | 50MP Front Camera,6500 mAh Battery,7 Gen 4 Processor,1 Year Manufacturer Warranty for Device and 6 Months Manufacturer Warranty for Inbox Accessories,"₹45,999","₹50,999",9% off,,"₹36,600"
902,Lvix L1 310,3.4,"1,328 Ratings & 59 Reviews",16 MB RAM | 32 MB ROM,4.5 cm (1.77 inch) Display,0.3MP Rear Camera,1000 mAh Battery,,3 Months Domestic Warranty,₹619,₹999,38% off,Bank Offer,
903,UiSmart Ui-06,4,"3,650 Ratings & 316 Reviews",512 MB RAM | 256 MB ROM | Expandable Upto 32 TB,4.5 cm (1.77 inch) QVGA Display,2MP + 0MP | 0MP Front Camera,1050 mAh Battery,Feature Phone Processor,,"₹1,532","₹2,499",38% off,Bank Offer,
904,"OnePlus Nord 4 5G (Oasis Green, 256 GB)",4.5,"4,530 Ratings & 276 Reviews",8 GB RAM | 256 GB ROM,17.12 cm (6.74 inch) Display,50MP Rear Camera,5500 mAh Battery,,,"₹27,892","₹32,999",15% off,Bank Offer,"₹21,200"
905,"OnePlus Nord 4 5G (Mercurial Silver, 256 GB)",4.5,"4,530 Ratings & 276 Reviews",8 GB RAM | 256 GB ROM,17.12 cm (6.74 inch) Display,50MP Rear Camera,5500 mAh Battery,,,"₹27,349","₹33,082",17% off,Bank Offer,"₹21,200"
906,"REDMI Note 14 5G (Ivy Green, 256 GB)",4.2,"2,869 Ratings & 150 Reviews",8 GB RAM | 256 GB ROM,16.94 cm (6.67 inch) Display,50MP Rear Camera,5110 mAh Battery,,,"₹18,799","₹24,999",24% off,Super Deals,
907,KARBONN K9,4.2,106 Ratings & 7 Reviews,32 MB RAM | 32 MB ROM | Expandable Upto 32 GB,6.1 cm (2.4 inch) FWVGA Display,2MP + 0MP | 0MP Front Camera,1800 mAh Battery,NA Processor,1 Year Manufacture Warranty,"₹1,297","₹1,890",31% off,Bank Offer,
908,"OPPO F31 Pro 5G (Desert Gold, 256 GB)",4.1,71 Ratings & 5 Reviews,12 GB RAM | 256 GB ROM,16.69 cm (6.57 inch) Full HD+ Display,50MP + 2MP | 32MP Front Camera,7000 mAh Battery,Dimensity 7300 Processor,,"₹35,999",,,Bank Offer,"₹31,450"
909,"Samsung Galaxy A36 5G (Awesome Black, 256 GB)",4.3,"1,596 Ratings & 123 Reviews",8 GB RAM | 256 GB ROM,17.02 cm (6.7 inch) Full HD+ Display,50MP + 8MP | 12MP Front Camera,5000 mAh Battery,Qualcomm Snapdragon 6 Gen 3 Processor,1 Year Manufacturer Warranty for Device and 6 Months for In-Box Accessories,"₹33,999","₹38,999",12% off,Bank Offer,"₹26,900"
910,"vivo T3 5G (Crystal Flake, 128 GB)",4.4,"1,36,886 Ratings & 8,217 Reviews",8 GB RAM | 128 GB ROM,16.94 cm (6.67 inch) Full HD+ Display,50MP + 2MP | 16MP Front Camera,5000 mAh Battery,Dimensity 7200 Processor,1 Year Manufacturer Warranty for Device and 6 Months Manufacturer Warranty for Inbox Accessories,"₹18,499","₹22,999",19% off,Bank Offer,"₹14,550"
911,"OPPO K12x 5G with 45W SUPERVOOC Charger In-The-Box (Breeze Blue, 256 GB)",4.4,"22,410 Ratings & 965 Reviews",8 GB RAM | 256 GB ROM | Expandable Upto 1 TB,16.94 cm (6.67 inch) HD Display,32MP + 2MP | 8MP Front Camera,5100 mAh Battery,Dimensity 6300 Processor,1 Year Manufacturer Warranty for Device and 6 Months Manufacturer Warranty for Inbox Accessories,"₹15,999","₹18,999",15% off,Bank Offer,"₹12,550"
912,"OPPO K12x 5G with 45W SUPERVOOC Charger In-The-Box (Feather Pink, 256 GB)",4.4,"22,410 Ratings & 965 Reviews",8 GB RAM | 256 GB ROM | Expandable Upto 1 TB,16.94 cm (6.67 inch) HD Display,32MP + 2MP | 8MP Front Camera,5100 mAh Battery,Dimensity 6300 Processor,1 Year Manufacturer Warranty for Device and 6 Months Manufacturer Warranty for Inbox Accessories,"₹15,999","₹18,999",15% off,Bank Offer,
913,"LAVA Yuva 3 with Dual Sim|5000 mAh Battery|13MP Rear Camera |Expandable Upto 512 GB (Cosmic Lavender, ...",4,493 Ratings & 23 Reviews,4 GB RAM | 64 GB ROM | Expandable Upto 512 GB,16.51 cm (6.5 inch) HD+ Display,13MP Rear Camera | 5MP Front Camera,5000 mAh Battery,UNISOC T606 Octa-core Processor Processor,1 Year Handset Warranty and 6 Months Warranty on Accessories,"₹6,389","₹7,999",20% off,Bank Offer,
914,"REDMI Note-14 Pro+ 5G (Spectre Blue, 512 GB)",4.4,344 Ratings & 10 Reviews,12 GB RAM | 512 GB ROM,16.94 cm (6.67 inch) Display,50MP + 50MP + 8MP | 20MP Front Camera,6200 mAh Battery,7s Gen 3 Processor,1 Year Manufacturer Warranty for Phone and 6 Months Warranty for In the Box Accessories,"₹29,772","₹39,999",25% off,Bank Offer,"₹23,700"
915,"Motorola g31 (Meteorite Grey, 64 GB)",4.2,"43,330 Ratings & 4,446 Reviews",4 GB RAM | 64 GB ROM | Expandable Upto 1 TB,16.26 cm (6.4 inch) Full HD+ Display,50MP + 8MP + 2MP | 13MP Front Camera,5000 mAh LiPo Battery,Mediatek Helio G85 Processor,,"₹11,999","₹13,999",14% off,,"₹9,300"
916,Jio B1 Keypad Phone (UPI) Locked Blue,3.6,"3,613 Ratings & 165 Reviews",50 MB RAM | 50 MB ROM,6.1 cm (2.4 inch) Display,0.3MP Rear Camera,2000 mAh Battery,,7 days Manufacturer Warranty,"₹1,709","₹2,999",43% off,Bank Offer,
917,"OPPO A5 5G (Mist White, 128 GB)",4.3,80 Ratings & 1 Reviews,8 GB RAM | 128 GB ROM,16.94 cm (6.67 inch) HD+ Display,50MP + 2MP | 8MP Front Camera,6000 mAh Battery,Dimensity 6300 Processor,1 Year Manufacturer Warranty for Device and 6 Months Manufacturer Warranty for Inbox Accessories,"₹16,999","₹20,999",19% off,,"₹13,400"
918,"OPPO A5 5G (Aurora Green, 128 GB)",4.3,80 Ratings & 1 Reviews,8 GB RAM | 128 GB ROM,16.94 cm (6.67 inch) HD+ Display,50MP + 2MP | 8MP Front Camera,6000 mAh Battery,Dimensity 6300 Processor,1 Year Manufacturer Warranty for Device and 6 Months Manufacturer Warranty for Inbox Accessories,"₹16,999","₹20,999",19% off,,"₹13,400"
919,"OnePlus Nord 5 5G (Marble Sands, 256 GB)",4.5,953 Ratings & 79 Reviews,12 GB RAM | 256 GB ROM,17.35 cm (6.83 inch) Display,50MP Rear Camera,6800 mAh Battery,,1 Year Warranty,"₹37,590","₹37,999",1% off,Bank Offer,"₹29,500"
920,"TOUCH 18 ROCK Z Flip Dual Sim |Keypad Mobile| With 2.4"" Display |Flip|Fold| Call & SMS",4.3,21 Ratings & 1 Reviews,32 MB RAM | 32 MB ROM,6.1 cm (2.4 inch) Display,0.3MP Rear Camera,1800 mAh Battery,,3 Months Warranty,"₹1,998","₹3,299",39% off,Bank Offer,
921,"vivo Y31 Pro 5G (Mocha Brown, 256 GB)",4.3,104 Ratings & 5 Reviews,8 GB RAM | 256 GB ROM,17.07 cm (6.72 inch) Full HD+ Display,50MP + 2MP | 8MP Front Camera,6500 mAh Battery,Dimensity 7300 Processor,1 Year Warranty,"₹20,999","₹25,499",17% off,,"₹16,650"
922,"Nothing Phone (3) (White, 256 GB)",4.4,"2,616 Ratings & 256 Reviews",12 GB RAM | 256 GB ROM,16.94 cm (6.67 inch) Display,50MP + 50MP + 50MP | 50MP Front Camera,5500 mAh Battery,8s Gen 4 Mobile Platform Processor,1 Year Manufacturing Warranty,"₹79,999","₹84,999",5% off,,"₹55,250"
923,"realme Narzo N65 5G (Amber Gold, 128 GB)",4.3,"2,087 Ratings & 112 Reviews",4 GB RAM | 128 GB ROM,16.94 cm (6.67 inch) Display,50MP Rear Camera,5000 mAh Battery,,,"₹11,989","₹13,999",14% off,Bank Offer,
924,"vivo T3 5G (Cosmic Blue, 256 GB)",4.4,"1,36,886 Ratings & 8,217 Reviews",8 GB RAM | 256 GB ROM,16.94 cm (6.67 inch) Full HD+ Display,50MP + 2MP | 16MP Front Camera,5000 mAh Battery,Dimensity 7200 Processor,1 Year Manufacturer Warranty for Device and 6 Months Manufacturer Warranty for Inbox Accessories,"₹20,499","₹24,999",18% off,Bank Offer,"₹16,200"
925,HOTLINE ROYAL FLIP,3,7 Ratings & 0 Reviews,64 MB RAM | 32 MB ROM,6.1 cm (2.4 inch) QXGA+ Display,1MP Rear Camera,2500 mAh Battery,,3 Months Domestic Warranty,₹999,"₹1,999",50% off,Bank Offer,
926,HOTLINE ROYAL FLIP,3,7 Ratings & 0 Reviews,64 MB RAM | 32 MB ROM,6.1 cm (2.4 inch) QXGA+ Display,1MP Rear Camera,2500 mAh Battery,,3 Months Domestic Warranty,₹999,"₹1,999",50% off,Bank Offer,
927,"REDMI 14C 5G (Stargaze Black, 64 GB)",4.2,"7,758 Ratings & 387 Reviews",4 GB RAM | 64 GB ROM | Expandable Upto 1 TB,17.48 cm (6.88 inch) HD+ Display,50MP Rear Camera | 8MP Front Camera,5160 mAh Battery,4 Gen 2 5G Processor,1 Year Manufacturer Warranty for Phone and 6 Months Warranty for In the Box Accessories,"₹8,999","₹12,999",30% off,Bank Offer,"₹6,900"
928,"REDMI 13 5G Prime Edition (Black Diamond, 128 GB)",4.1,189 Ratings & 8 Reviews,8 GB RAM | 128 GB ROM,17.25 cm (6.79 inch) Display,13MP Rear Camera,5030 mAh Battery,,,"₹12,212","₹19,999",38% off,Bank Offer,"₹9,450"
929,"realme 15 Pro 5G (Velvet Green, 256 GB)",4.3,"6,723 Ratings & 605 Reviews",8 GB RAM | 256 GB ROM,17.27 cm (6.8 inch) Display,50MP + 50MP | 50MP Front Camera,7000 mAh Battery,Snapdragon 7 Gen 4 Processor,1 Year Manufacturer Warranty for Device and 6 Months Manufacturer Warranty for Inbox Accessories,"₹33,999","₹37,999",10% off,,"₹26,900"
930,"POCO X7 5G (Glacier Green, 128 GB)",4.3,"25,414 Ratings & 1,964 Reviews",8 GB RAM | 128 GB ROM,16.94 cm (6.67 inch) Display,50MP + 8MP + 2MP | 20MP Front Camera,5500 mAh Battery,Dimensity 7300 Ultra Processor,1 Year Manufacturer Warranty for Phone and 6 Months Warranty for In the Box Accessories,"₹16,999","₹24,999",32% off,Bank Offer,"₹13,400"
931,Kechaoda K9,4.1,"3,673 Ratings & 300 Reviews",32 MB RAM | 64 MB ROM | Expandable Upto 16 GB,6.1 cm (2.4 inch) QVGA Display,0.3MP Rear Camera,1700 mAh Battery,,1 Year Company Domestic Warranty by Company Authorized Service Center.,"₹1,350","₹1,999",32% off,Bank Offer,
932,HOTLINE POWER,3.9,272 Ratings & 18 Reviews,32 MB RAM | 32 MB ROM,4.57 cm (1.8 inch) Display,0.3MP Rear Camera,3000 mAh Battery,,The Hotline Mobiles has 3 Months Manufacture’s Warranty & after Warranty period we would like to help our customers with the best possible service under low expenses,₹570,₹999,42% off,Bank Offer,
933,"OPPO A5x 5G (Laser White, 128 GB)",4.3,325 Ratings & 8 Reviews,4 GB RAM | 128 GB ROM,16.94 cm (6.67 inch) Display,32MP Rear Camera,6000 mAh Battery,Dimensity 6300 Processor,1 Year Manufacturer Warranty for Device and 6 Months Manufacturer Warranty for Inbox Accessories,"₹12,499","₹16,999",26% off,,"₹9,750"
934,MOTOROLA A50V Dual Sim Keypad Phone|1750 mAh Battery|1.8inch Display|Expandable Upto 32GB,4.1,"1,633 Ratings & 79 Reviews",4 MB RAM | 0.05 GB ROM | Expandable Upto 32 GB,4.57 cm (1.8 inch) Display,,1750 mAh Battery,,2 Years Domestic Replacement Warranty,"₹1,386","₹1,799",22% off,Bank Offer,
935,"realme P3 Pro 5G (Saturn Brown, 128 GB)",4.4,"15,631 Ratings & 1,162 Reviews",8 GB RAM | 128 GB ROM,17.35 cm (6.83 inch) Display,50MP + 2MP | 16MP Front Camera,6000 mAh Battery,7s Gen 3 Mobile Platform Processor,1 Year Manufacturer Warranty for Device and 6 Months Manufacturer Warranty for Inbox Accessories,"₹18,999","₹28,999",34% off,Bank Offer,"₹14,800"
936,"vivo Y19 5G (Titanium Silver, 128 GB)",4.3,"1,536 Ratings & 60 Reviews",4 GB RAM | 128 GB ROM | Expandable Upto 2 TB,17.12 cm (6.74 inch) Display,13MP + 0.08MP | 5MP Front Camera,5500 mAh Battery,Dimensity 6300 Processor,1 Year Warranty on the Product and 6 Months Warranty on Inbox Accessories,"₹11,499","₹14,999",23% off,,"₹8,950"
937,"realme P3 Pro 5G (Saturn Brown, 256 GB)",4.4,"15,631 Ratings & 1,162 Reviews",8 GB RAM | 256 GB ROM,17.35 cm (6.83 inch) Display,50MP + 2MP | 16MP Front Camera,6000 mAh Battery,7s Gen 3 Mobile Platform Processor,1 Year Manufacturer Warranty for Device and 6 Months Manufacturer Warranty for Inbox Accessories,"₹21,999","₹30,999",29% off,Bank Offer,"₹17,400"
938,"Apple iPhone 14 (Starlight, 256 GB)",4.6,"3,19,964 Ratings & 11,877 Reviews",,15.49 cm (6.1 inch) Super Retina XDR Display,12MP + 12MP | 12MP Front Camera,,"A15 Bionic Chip, 6 Core Processor Processor",,"₹64,900",,,Bank Offer,"₹48,400"
939,"LAVA Bold N1 (Sparkling Ivory, 64 GB)",3.8,28 Ratings & 3 Reviews,4 GB RAM | 64 GB ROM,17.02 cm (6.7 inch) Display,13MP Rear Camera,5000 mAh Battery,,1 Year Handset Warranty and 6 Months Warranty on Accessories,"₹6,215","₹7,499",17% off,Super Deals,
940,"realme 13 5G (Speed Green, 128 GB)",4.3,"1,384 Ratings & 64 Reviews",8 GB RAM | 128 GB ROM | Expandable Upto 2 TB,17.07 cm (6.72 inch) Full HD+ Display,50MP + 2MP | 16MP Front Camera,5000 mAh Battery,Dimensity 6300 Processor,1 Year Manufacturer Warranty for Device and 6 Months Manufacturer Warranty for Inbox Accessories,"₹15,899","₹21,999",27% off,Bank Offer,"₹12,500"
941,"realme 15T 5G (Flowing Silver, 256 GB)",4.2,512 Ratings & 49 Reviews,12 GB RAM | 256 GB ROM,16.69 cm (6.57 inch) Full HD Display,50MP + 2MP | 50MP Front Camera,7000 mAh Battery,MediaTek Dimensity 6400 MAX Processor,1 Year Manufacturer Warranty for Device and 6 Months Manufacturer Warranty for Inbox Accessories,"₹25,999","₹27,999",7% off,Bank Offer,"₹20,550"
942,"realme 15T 5G (Silk Blue, 256 GB)",4.3,"4,140 Ratings & 283 Reviews",8 GB RAM | 256 GB ROM,16.69 cm (6.57 inch) Full HD Display,50MP + 2MP | 50MP Front Camera,7000 mAh Battery,MediaTek Dimensity 6400 MAX Processor,1 Year Manufacturer Warranty for Device and 6 Months Manufacturer Warranty for Inbox Accessories,"₹23,999","₹24,999",4% off,Bank Offer,"₹18,800"
943,"Redmi Note 4 (Gold, 32 GB)",4.4,"6,39,630 Ratings & 1,08,984 Reviews",3 GB RAM | 32 GB ROM | Expandable Upto 128 GB,13.97 cm (5.5 inch) Full HD Display,13MP Rear Camera | 5MP Front Camera,4100 mAh Battery,Qualcomm Snapdragon 625 64-bit Octa Core 2GHz Processor,Brand Warranty of 1 Year Available for Mobile and 6 Months for Accessories,"₹6,399","₹11,499",44% off,Bank Offer,
944,"IQOO Neo 10 (Inferno Red, 512 GB)",4.7,124 Ratings & 6 Reviews,16 GB RAM | 512 GB ROM,17.22 cm (6.78 inch) Full HD+ E3 Super AMOLED Display,50MP + 50MP + 8MP | 32MP + 32MP Dual Front Camera,7000 mAh Battery,Qualcomm Processor,,"₹42,990","₹45,999",6% off,Bank Offer,"₹33,450"
945,"IQOO Neo 10 (Titanium Chrome, 512 GB)",4.7,124 Ratings & 6 Reviews,16 GB RAM | 512 GB ROM,17.22 cm (6.78 inch) Full HD+ E3 Super AMOLED Display,50MP + 50MP + 8MP | 32MP + 32MP Dual Front Camera,7000 mAh Battery,Qualcomm Processor,Domestic Warranty 1 year for handset and 6 months for accessories,"₹42,990","₹45,999",6% off,Bank Offer,"₹33,450"
946,"Samsung M55s (Coral Green, 128 GB)",4.1,292 Ratings & 20 Reviews,8 GB RAM | 128 GB ROM,17.02 cm (6.7 inch) Display,50MP Rear Camera,5000 mAh Battery,,,"₹18,299","₹28,999",36% off,Bank Offer,"₹14,050"
947,"Samsung Galaxy M06 5G (Sage Green, 64 GB)",3.8,60 Ratings & 4 Reviews,4 GB RAM | 64 GB ROM,17.02 cm (6.7 inch) Display,50MP Rear Camera,5000 mAh Battery,,1 Year Manufacturer Warranty for Phone and 6 Months Warranty for In the Box Accessories,"₹8,640","₹12,499",30% off,Bank Offer,
948,"IQOO Neo 10 (Inferno Red, 256 GB)",4.5,702 Ratings & 50 Reviews,12 GB RAM | 256 GB ROM,17.22 cm (6.78 inch) Full HD+ E3 Super AMOLED Display,50MP + 50MP + 8MP | 32MP + 32MP Dual Front Camera,7000 mAh Battery,Qualcomm Processor,,"₹37,490","₹40,999",8% off,Bank Offer,"₹29,500"
949,"Samsung Galaxy F16 5G (Glam Green, 128 GB)",4.2,"9,367 Ratings & 545 Reviews",6 GB RAM | 128 GB ROM,16.91 cm (6.657 inch) Full HD+ Display,50MP + 5MP + 2MP | 13MP Front Camera,5000 mAh Battery,Dimensity 6300 Processor,1 Year Manufacturer Warranty for Device and 6 Months for In-Box Accessories,"₹13,999","₹17,499",20% off,Bank Offer,"₹11,000"
950,"realme P3 Pro 5G (Galaxy Purple, 256 GB)",4.4,"15,631 Ratings & 1,162 Reviews",8 GB RAM | 256 GB ROM,17.35 cm (6.83 inch) Display,50MP + 2MP | 16MP Front Camera,6000 mAh Battery,7s Gen 3 Mobile Platform Processor,1 Year Manufacturer Warranty for Device and 6 Months Manufacturer Warranty for Inbox Accessories,"₹19,999","₹30,999",35% off,Super Deals,"₹15,700"
951,"Google Pixel 10 Pro XL (Jade, 256 GB)",4.5,94 Ratings & 10 Reviews,16 GB RAM | 256 GB ROM,17.27 cm (6.8 inch) Quad HD+ Display,48MP + 48MP + 48MP | 42MP Front Camera,5200 mAh Battery,Tensor G5 Processor,1 Year Domestic Warranty,"₹1,24,999",,,Bank Offer,"₹55,250"
952,Kechaoda K9,4.1,"3,673 Ratings & 300 Reviews",32 MB RAM | 64 MB ROM | Expandable Upto 16 GB,6.1 cm (2.4 inch) QVGA Display,0.3MP Rear Camera,1700 mAh Battery,,1 Year Manufacturer Warranty,"₹1,330","₹1,432",7% off,Bank Offer,
953,"Tecno Spark Go 5G (Bikaner Red, 128 GB)",4.3,"1,079 Ratings & 95 Reviews",4 GB RAM | 128 GB ROM | Expandable Upto 1 TB,17.12 cm (6.74 inch) Display,50MP Rear Camera | 5MP Front Camera,6000 mAh Battery,Dimensity 6400 5G Processor,1 Year Manufacturer Warranty for Handset,"₹10,999","₹11,999",8% off,Bank Offer,"₹8,500"
954,"Tecno Spark Go 5G (Ink Black, 128 GB)",4.3,"1,079 Ratings & 95 Reviews",4 GB RAM | 128 GB ROM | Expandable Upto 1 TB,17.12 cm (6.74 inch) Display,50MP Rear Camera | 5MP Front Camera,6000 mAh Battery,Dimensity 6400 5G Processor,1 Year Manufacturer Warranty for Handset,"₹10,999","₹11,999",8% off,Bank Offer,"₹8,500"
955,"Tecno Spark Go 5G (Turquoise Green, 128 GB)",4.3,"1,079 Ratings & 95 Reviews",4 GB RAM | 128 GB ROM | Expandable Upto 1 TB,17.12 cm (6.74 inch) Display,50MP Rear Camera | 5MP Front Camera,6000 mAh Battery,Dimensity 6400 5G Processor,1 Year Manufacturer Warranty for Handset,"₹10,999","₹11,999",8% off,Bank Offer,"₹8,500"
956,"MOTOROLA Razr 60 (Ice Melt, 256 GB)",4.4,"1,739 Ratings & 127 Reviews",8 GB RAM | 256 GB ROM,17.53 cm (6.9 inch) Full HD+ Display,50MP + 13MP | 32MP Front Camera,4500 mAh Battery,Dimensity 7400X Processor,1 Year Warranty on Handset and 6 Months Warranty on Accessories,"₹54,999","₹72,999",24% off,Bank Offer,"₹42,800"
957,"Google Pixel 10 Pro (Jade, 256 GB)",4.6,239 Ratings & 24 Reviews,16 GB RAM | 256 GB ROM,16.0 cm (6.3 inch) Quad HD+ Display,48MP + 48MP + 48MP | 42MP Front Camera,4870 mAh Battery,Tensor G5 Processor,1 Year Domestic Warranty,"₹1,09,999",,,Bank Offer,"₹55,250"
958,"Samsung Galaxy M35 5G (Thunder Grey, 128 GB)",4.4,"28,398 Ratings & 2,160 Reviews",6 GB RAM | 128 GB ROM,16.76 cm (6.6 inch) Display,50MP Rear Camera,6000 mAh Battery,,,"₹21,000","₹24,634",14% off,Bank Offer,
959,"vivo Y31 Pro 5G (Dreamy White, 128 GB)",4.3,104 Ratings & 5 Reviews,8 GB RAM | 128 GB ROM,17.07 cm (6.72 inch) Full HD+ Display,50MP + 2MP | 8MP Front Camera,6500 mAh Battery,Dimensity 7300 Processor,1 Year Warranty,"₹18,999","₹23,499",19% off,,"₹14,800"
